1651004824.608439,undetermined
1651004824.708686,undetermined
1651004824.8098502,undetermined
1651004824.9098508,undetermined
1651004825.009851,undetermined
1651004825.1098518,undetermined
1651004825.209852,undetermined
1651004825.3098528,undetermined
1651004825.4289632,undetermined
1651004825.528964,undetermined
1651004825.6289642,undetermined
1651004825.728965,undetermined
1651004825.8289652,undetermined
1651004825.9289658,undetermined
1651004826.028966,undetermined
1651004826.1289668,undetermined
1651004826.228967,undetermined
1651004826.328968,undetermined
1651004826.428969,undetermined
1651004826.528969,undetermined
1651004826.62897,undetermined
1651004826.72897,undetermined
1651004826.828971,undetermined
1651004826.928971,undetermined
1651004827.0289721,undetermined
1651004827.128973,undetermined
1651004827.2289732,undetermined
1651004827.328974,undetermined
1651004827.4289742,undetermined
1651004827.528975,undetermined
1651004827.6289752,undetermined
1651004827.7289758,undetermined
1651004827.829005,undetermined
1651004827.9290051,undetermined
1651004828.029006,undetermined
1651004828.1290061,undetermined
1651004828.229007,undetermined
1651004828.3290071,undetermined
1651004828.4290078,undetermined
1651004828.5290082,undetermined
1651004828.629046,undetermined
1651004828.729046,undetermined
1651004828.829047,four
1651004828.929047,fist
1651004829.045471,fist
1651004829.145474,fist
1651004829.245474,fist
1651004829.345475,fist
1651004829.445475,undetermined
1651004829.5459409,fist
1651004829.645941,fist
1651004829.745942,fist
1651004829.845943,fist
1651004829.945943,fist
1651004830.046062,fight_on
1651004830.146704,fist
1651004830.246704,fist
1651004830.366467,fist
1651004830.4664671,fist
1651004830.566468,fist
1651004830.6664681,fist
1651004830.766469,fist
1651004830.8664691,fist
1651004830.96647,fist
1651004831.0664709,fist
1651004831.166471,fist
1651004831.2664719,fist
1651004831.366472,undetermined
1651004831.466561,fist
1651004831.566562,fist
1651004831.666562,fist
1651004831.7665632,fist
1651004831.866564,fist
1651004831.9665642,undetermined
1651004832.066565,undetermined
1651004832.1665652,undetermined
1651004832.2665658,undetermined
1651004832.366566,undetermined
1651004832.4665668,undetermined
1651004832.566567,undetermined
1651004832.666568,undetermined
1651004832.766569,four
1651004832.86697,fist
1651004832.9669702,fist
1651004833.0773718,fist
1651004833.177372,fist
1651004833.277374,fist
1651004833.377375,fist
1651004833.477375,fist
1651004833.6130052,fist
1651004833.739407,fist
1651004833.891535,fist
1651004833.9915352,fist
1651004834.092927,fist
1651004834.192928,fist
1651004834.314871,fist
1651004834.4148722,fist
1651004834.514873,fist
1651004834.627767,undetermined
1651004834.765989,fist
1651004834.8659892,fist
1651004834.9659898,fist
1651004835.0785122,fist
1651004835.219587,fist
1651004835.321795,fist
1651004835.4217951,fist
1651004835.521796,fight_on
1651004835.623332,fist
1651004835.7233322,fist
1651004835.878783,fist
1651004835.978784,fist
1651004836.0788631,undetermined
1651004836.204868,fist
1651004836.304872,fist
1651004836.404873,fist
1651004836.504873,fist
1651004836.631379,fist
1651004836.731401,fist
1651004836.8690822,fist
1651004836.9690828,undetermined
1651004837.069083,fist
1651004837.1690838,fist
1651004837.269084,fist
1651004837.3690848,fist
1651004837.5051908,fist
1651004837.6204631,fist
1651004837.72285,fist
1651004837.85691,fist
1651004837.9569101,fist
1651004838.061343,undetermined
1651004838.161344,undetermined
1651004838.261345,undetermined
1651004838.361345,undetermined
1651004838.4613461,undetermined
1651004838.5613801,undetermined
1651004838.661381,undetermined
1651004838.762363,undetermined
1651004838.8623638,fist
1651004838.9835122,fist
1651004839.083513,fist
1651004839.1835132,fist
1651004839.283514,fist
1651004839.3835142,fist
1651004839.4835148,fist
1651004839.5919209,fist
1651004839.691921,fist
1651004839.7919219,fist
1651004839.891922,fist
1651004839.9919229,fist
1651004840.091923,fist
1651004840.1919239,fist
1651004840.291924,fist
1651004840.391925,fist
1651004840.491926,fist
1651004840.591926,fist
1651004840.691927,fist
1651004840.791927,fist
1651004840.891928,fist
1651004840.991928,fist
1651004841.0919292,fist
1651004841.19193,fist
1651004841.2919302,fist
1651004841.3919308,fist
1651004841.491932,fist
1651004841.591933,fist
1651004841.693695,fist
1651004841.794323,fist
1651004841.9234471,fist
1651004842.023448,fist
1651004842.1234481,fist
1651004842.223449,fist
1651004842.3234491,fist
1651004842.42345,fist
1651004842.5234501,fist
1651004842.6349041,fist
1651004842.734905,fist
1651004842.8349051,fist
1651004842.934906,fist
1651004843.0349061,fist
1651004843.1349068,fist
1651004843.234907,fist
1651004843.3349109,fist
1651004843.434911,fist
1651004843.548411,undetermined
1651004843.648416,undetermined
1651004843.7484171,undetermined
1651004843.848418,undetermined
1651004843.9484181,undetermined
1651004844.048419,undetermined
1651004844.1484191,undetermined
1651004844.24842,four
1651004844.3484201,fist
1651004844.493696,fist
1651004844.593696,fist
1651004844.693697,fist
1651004844.793697,fist
1651004844.893698,fist
1651004845.011611,fist
1651004845.113725,fist
1651004845.215639,fist
1651004845.3181188,fist
1651004845.477422,fist
1651004845.595951,fist
1651004845.695952,fist
1651004845.795952,fist
1651004845.912653,fist
1651004846.012653,fist
1651004846.112654,fist
1651004846.212654,fist
1651004846.3294709,fist
1651004846.429471,fist
1651004846.529472,fist
1651004846.629473,fist
1651004846.733996,fist
1651004846.836062,fist
1651004846.936063,fist
1651004847.063814,fist
1651004847.163815,fist
1651004847.2638159,fist
1651004847.363816,fist
1651004847.463817,fist
1651004847.563817,fist
1651004847.663818,fist
1651004847.763818,fist
1651004847.8638191,fist
1651004847.985798,fist
1651004848.085799,fist
1651004848.220178,fist
1651004848.353257,fist
1651004848.454985,fist
1651004848.5897632,fist
1651004848.721878,fist
1651004848.876964,fist
1651004848.9769652,undetermined
1651004849.076971,undetermined
1651004849.1769722,undetermined
1651004849.276973,undetermined
1651004849.3769732,undetermined
1651004849.476974,undetermined
1651004849.5769742,undetermined
1651004849.676975,undetermined
1651004849.7769752,undetermined
1651004849.876976,undetermined
1651004849.977908,fist
1651004850.0991192,fist
1651004850.1991198,fist
1651004850.2991202,fist
1651004850.3991208,fist
1651004850.499121,fist
1651004850.5991218,fist
1651004850.699122,fist
1651004850.799123,fist
1651004850.899132,fist
1651004850.9991329,fist
1651004851.099133,fist
1651004851.1991339,fist
1651004851.299134,fist
1651004851.3991349,fist
1651004851.499135,fist
1651004851.623258,fist
1651004851.723259,fist
1651004851.8232598,fist
1651004851.92326,fist
1651004852.023278,fist
1651004852.1232781,fist
1651004852.223286,fist
1651004852.346231,fist
1651004852.48256,fist
1651004852.58256,fist
1651004852.682561,fist
1651004852.8115578,fist
1651004852.911558,fist
1651004853.0116422,fist
1651004853.113718,fist
1651004853.2137191,fist
1651004853.313746,fist
1651004853.44139,fist
1651004853.5413902,fist
1651004853.682355,undetermined
1651004853.782356,undetermined
1651004853.882357,undetermined
1651004853.982357,undetermined
1651004854.0823581,undetermined
1651004854.182359,undetermined
1651004854.2823591,undetermined
1651004854.38236,four
1651004854.482629,fist
1651004854.604609,fist
1651004854.70461,fist
1651004854.816016,fist
1651004854.916016,fist
1651004855.016017,fist
1651004855.1160178,fist
1651004855.2447412,fist
1651004855.3447418,fist
1651004855.4636219,fist
1651004855.6018088,fist
1651004855.73674,fist
1651004855.8367412,fist
1651004855.9367418,fist
1651004856.055834,fist
1651004856.189209,fist
1651004856.319576,fist
1651004856.420328,fist
1651004856.520328,fist
1651004856.620329,fist
1651004856.720329,undetermined
1651004856.82033,fist
1651004856.92033,fist
1651004857.022107,undetermined
1651004857.148004,fist
1651004857.2480042,fist
1651004857.348005,fist
1651004857.448014,fist
1651004857.5480142,fist
1651004857.648015,fist
1651004857.7480152,fist
1651004857.8480158,fist
1651004857.9480162,fist
1651004858.0480168,fist
1651004858.148017,fist
1651004858.248018,undetermined
1651004858.348019,undetermined
1651004858.448019,undetermined
1651004858.54802,undetermined
1651004858.64802,undetermined
1651004858.748021,undetermined
1651004858.848021,undetermined
1651004858.9480221,four
1651004859.048023,fist
1651004859.1480231,fist
1651004859.248024,fist
1651004859.359371,fist
1651004859.459371,undetermined
1651004859.589924,fist
1651004859.6899252,fist
1651004859.812424,undetermined
1651004859.950751,fist
1651004860.050752,fist
1651004860.150752,fist
1651004860.2510562,fist
1651004860.3510568,fist
1651004860.451057,undetermined
1651004860.5541818,fist
1651004860.654182,fist
1651004860.7541828,fist
1651004860.854183,fist
1651004860.9541838,fist
1651004861.054184,fist
1651004861.154185,fist
1651004861.254186,fist
1651004861.3701031,fist
1651004861.470104,fist
1651004861.5721111,fist
1651004861.6721122,fist
1651004861.7721128,fist
1651004861.872245,fist
1651004861.972246,fist
1651004862.072266,fist
1651004862.17227,fist
1651004862.2722712,fist
1651004862.372272,undetermined
1651004862.4939651,fist
1651004862.593966,fist
1651004862.6939662,fist
1651004862.793967,fist
1651004862.922084,fist
1651004863.0220852,fist
1651004863.1220858,fist
1651004863.222086,undetermined
1651004863.3220868,undetermined
1651004863.422087,undetermined
1651004863.522088,undetermined
1651004863.622089,undetermined
1651004863.722089,undetermined
1651004863.82209,undetermined
1651004863.92209,fist
1651004864.022091,fist
1651004864.122091,fist
1651004864.242241,fist
1651004864.342241,fist
1651004864.466846,fist
1651004864.574485,fist
1651004864.6783638,fist
1651004864.778452,fist
1651004864.899873,fist
1651004865.004525,fist
1651004865.1067321,fist
1651004865.2070348,fist
1651004865.314645,fist
1651004865.431594,fist
1651004865.564561,fist
1651004865.6693141,fist
1651004865.769315,fist
1651004865.8693151,fist
1651004865.969316,fist
1651004866.091707,fist
1651004866.1917078,fist
1651004866.291708,fist
1651004866.41965,fist
1651004866.549313,fist
1651004866.679685,fist
1651004866.779686,fist
1651004866.9111931,fist
1651004867.0476549,fist
1651004867.172044,fight_on
1651004867.310713,fist
1651004867.4107132,fist
1651004867.546158,fist
1651004867.6461592,fist
1651004867.74616,fist
1651004867.846161,fist
1651004867.971531,fist
1651004868.098359,fist
1651004868.1983612,undetermined
1651004868.298362,undetermined
1651004868.3983622,undetermined
1651004868.4983628,undetermined
1651004868.598363,undetermined
1651004868.698364,undetermined
1651004868.7983649,undetermined
1651004868.898365,undetermined
1651004868.998506,four
1651004869.098507,fist
1651004869.1985211,fist
1651004869.298522,fist
1651004869.3985221,undetermined
1651004869.528645,fist
1651004869.6286452,fist
1651004869.7286458,fist
1651004869.844171,fist
1651004869.944372,fist
1651004870.052751,undetermined
1651004870.1851509,fist
1651004870.285151,fist
1651004870.385152,fist
1651004870.485153,fist
1651004870.585153,fist
1651004870.685154,fist
1651004870.785154,fist
1651004870.885155,undetermined
1651004870.999538,fist
1651004871.099539,fist
1651004871.2084339,fist
1651004871.308434,fist
1651004871.4088562,fist
1651004871.539053,fist
1651004871.639053,fist
1651004871.766075,undetermined
1651004871.866076,fist
1651004871.9660769,fist
1651004872.066085,fist
1651004872.166086,fist
1651004872.288896,fist
1651004872.388897,fist
1651004872.52687,fist
1651004872.626871,fist
1651004872.726872,fist
1651004872.850976,fist
1651004872.950977,fist
1651004873.050978,fist
1651004873.1518312,fist
1651004873.251832,fist
1651004873.3518322,fist
1651004873.451833,fist
1651004873.5518332,fist
1651004873.651834,fist
1651004873.7518342,fist
1651004873.8518348,fist
1651004873.951835,fist
1651004874.051836,fist
1651004874.1518369,fist
1651004874.251837,undetermined
1651004874.3518379,undetermined
1651004874.451838,undetermined
1651004874.551848,undetermined
1651004874.651849,undetermined
1651004874.75185,undetermined
1651004874.85185,undetermined
1651004874.951851,undetermined
1651004875.051851,undetermined
1651004875.1518521,four
1651004875.288108,undetermined
1651004875.399203,fist
1651004875.4992042,undetermined
1651004875.6221151,fist
1651004875.722116,fist
1651004875.8274891,fist
1651004875.930933,fist
1651004876.030934,fist
1651004876.152479,fist
1651004876.286829,fist
1651004876.3901482,fist
1651004876.516387,fist
1651004876.6537678,fist
1651004876.7790751,fist
1651004876.916542,fist
1651004877.019903,fist
1651004877.1202838,fist
1651004877.2212312,fist
1651004877.342052,fist
1651004877.444296,fist
1651004877.548141,fist
1651004877.6481411,fist
1651004877.748142,fist
1651004877.8481421,fist
1651004877.948143,fist
1651004878.070463,fist
1651004878.170463,fist
1651004878.298754,fist
1651004878.402981,fist
1651004878.5029812,fist
1651004878.6029818,fist
1651004878.7332659,fist
1651004878.8332858,fist
1651004878.933286,fist
1651004879.0332868,fist
1651004879.133287,fist
1651004879.233289,fist
1651004879.33329,fist
1651004879.4333,fist
1651004879.552503,fist
1651004879.6534212,fist
1651004879.784501,fist
1651004879.885531,fist
1651004880.01751,fist
1651004880.120095,fist
1651004880.220096,fist
1651004880.320097,fist
1651004880.420097,fist
1651004880.5201018,fist
1651004880.620102,fist
1651004880.720103,fist
1651004880.820104,undetermined
1651004880.920104,undetermined
1651004881.020105,undetermined
1651004881.120105,undetermined
1651004881.220106,undetermined
1651004881.320106,undetermined
1651004881.4201071,undetermined
1651004881.520108,undetermined
1651004881.6201081,four
1651004881.728192,undetermined
1651004881.828846,fist
1651004881.9288461,fist
1651004882.0288472,fist
1651004882.164486,fist
1651004882.264487,fist
1651004882.364547,fist
1651004882.4896472,fist
1651004882.626824,fist
1651004882.756479,fist
1651004882.884844,fist
1651004883.015295,fist
1651004883.149698,fist
1651004883.282113,fist
1651004883.454835,fist
1651004883.582649,fist
1651004883.72092,fist
1651004883.8209212,fist
1651004883.942243,fist
1651004884.072156,fist
1651004884.20617,fist
1651004884.3061702,fist
1651004884.4061708,fist
1651004884.533302,fist
1651004884.6759748,fist
1651004884.775975,fist
1651004884.8759758,fist
1651004884.998541,fist
1651004885.131694,fist
1651004885.2316952,fist
1651004885.3613079,fist
1651004885.46629,fist
1651004885.594677,fist
1651004885.700592,fist
1651004885.8223062,fist
1651004885.9526532,fist
1651004886.087971,fist
1651004886.187971,undetermined
1651004886.2879722,undetermined
1651004886.387973,undetermined
1651004886.4879732,undetermined
1651004886.5879738,undetermined
1651004886.687974,undetermined
1651004886.787984,undetermined
1651004886.887984,undetermined
1651004886.987985,undetermined
1651004887.087986,undetermined
1651004887.1879869,fist
1651004887.287987,fist
1651004887.3879879,fist
1651004887.5149,fist
1651004887.614901,fist
1651004887.73283,undetermined
1651004887.870194,fist
1651004887.970195,fist
1651004888.092263,fist
1651004888.2304661,fist
1651004888.3366048,fist
1651004888.4642282,fist
1651004888.564229,fist
1651004888.668552,fist
1651004888.768553,fist
1651004888.8685539,fist
1651004888.968554,fist
1651004889.091375,fist
1651004889.218824,fist
1651004889.351938,fist
1651004889.457824,fist
1651004889.5628748,fist
1651004889.662875,fist
1651004889.7628758,fist
1651004889.862876,fist
1651004889.962877,fist
1651004890.062878,fist
1651004890.162878,fist
1651004890.262879,fist
1651004890.363306,fist
1651004890.463307,fist
1651004890.563307,fist
1651004890.6633081,fist
1651004890.763309,fist
1651004890.8633091,fist
1651004890.96331,fist
1651004891.100597,fist
1651004891.200597,fist
1651004891.30839,fist
1651004891.408391,fist
1651004891.508397,fist
1651004891.6083982,fist
1651004891.708399,four
1651004891.8083992,undetermined
1651004891.9084,undetermined
1651004892.008401,undetermined
1651004892.108402,undetermined
1651004892.2084029,undetermined
1651004892.308403,undetermined
1651004892.4084039,undetermined
1651004892.524982,fist
1651004892.624982,fist
1651004892.724983,fist
1651004892.8249831,fist
1651004892.924984,fist
1651004893.045439,undetermined
1651004893.151724,fist
1651004893.251725,fist
1651004893.372617,fist
1651004893.481743,fist
1651004893.614431,fist
1651004893.75221,fist
1651004893.873357,fist
1651004894.0095959,fist
1651004894.141495,fist
1651004894.2414951,fist
1651004894.341496,fist
1651004894.4431381,fist
1651004894.543139,fist
1651004894.6431391,undetermined
1651004894.7431738,fist
1651004894.843174,fist
1651004894.9431748,fist
1651004895.043175,fist
1651004895.1434171,fist
1651004895.2434182,fist
1651004895.3434188,fist
1651004895.4573572,fist
1651004895.561905,fist
1651004895.6657238,fist
1651004895.765774,fist
1651004895.8854442,fist
1651004896.0190258,fist
1651004896.119026,undetermined
1651004896.219027,undetermined
1651004896.319028,undetermined
1651004896.419028,undetermined
1651004896.519029,undetermined
1651004896.666144,undetermined
1651004896.776366,fight_on
1651004896.950885,fist
1651004897.074504,fist
1651004897.208211,fist
1651004897.308212,fist
1651004897.408213,fist
1651004897.539142,fist
1651004897.675963,fight_on
1651004897.775964,fist
1651004897.8759649,fist
1651004897.994996,fist
1651004898.129817,fist
1651004898.236877,fist
1651004898.394361,fist
1651004898.513062,fist
1651004898.6149561,fist
1651004898.747253,fist
1651004898.847253,fist
1651004898.977864,fist
1651004899.078194,fist
1651004899.2141938,fist
1651004899.342419,fist
1651004899.570488,fist
1651004899.6926742,fist
1651004899.79965,fist
1651004900.0333161,fist
1651004900.167875,undetermined
1651004900.2678761,undetermined
1651004900.367877,undetermined
1651004900.479608,undetermined
1651004900.602706,undetermined
1651004900.729124,undetermined
1651004900.8291242,undetermined
1651004900.965655,fist
1651004901.078676,fist
1651004901.178677,fist
1651004901.288032,fist
1651004901.423042,fist
1651004901.561812,fist
1651004901.706167,fist
1651004901.835926,fist
1651004901.9624162,fist
1651004902.08907,fist
1651004902.223392,fist
1651004902.35499,fist
1651004902.4869602,fist
1651004902.618475,undetermined
1651004902.8053691,fist
1651004902.9053729,fist
1651004903.043401,fist
1651004903.193258,undetermined
1651004903.3207092,fist
1651004903.4207098,fist
1651004903.52071,fist
1651004903.646452,fist
1651004903.7841432,fist
1651004903.884144,fist
1651004904.006788,fist
1651004904.170675,undetermined
1651004904.270676,undetermined
1651004904.370676,undetermined
1651004904.470677,undetermined
1651004904.570677,undetermined
1651004904.670678,undetermined
1651004904.799357,undetermined
1651004905.0670788,fist
1651004905.20898,fist
1651004905.348047,fist
1651004905.5303931,fist
1651004905.6303942,fist
1651004905.752722,fist
1651004905.858144,fist
1651004905.9581451,fist
1651004906.0842419,fist
1651004906.217173,fist
1651004906.350029,fist
1651004906.480754,fist
1651004906.612111,fist
1651004906.748302,fist
1651004906.875316,fist
1651004907.009739,fist
1651004907.1098309,fist
1651004907.209831,fist
1651004907.3098319,fist
1651004907.409832,fist
1651004907.529403,fist
1651004907.670051,undetermined
1651004907.799482,fist
1651004907.899483,undetermined
1651004908.026881,fist
1651004908.1268811,fist
1651004908.2577229,fist
1651004908.357723,fist
1651004908.459626,fist
1651004908.5631459,fist
1651004908.668637,fist
1651004908.770365,fist
1651004908.8703659,fist
1651004908.97038,fist
1651004909.0703812,fist
1651004909.170382,fist
1651004909.2703822,four
1651004909.370383,undetermined
1651004909.4703832,undetermined
1651004909.5703838,undetermined
1651004909.6703842,undetermined
1651004909.7703848,undetermined
1651004909.870385,undetermined
1651004909.970386,undetermined
1651004910.070387,undetermined
1651004910.170387,undetermined
1651004910.270388,undetermined
1651004910.370388,four
1651004910.500374,fist
1651004910.608997,fist
1651004910.7411342,fist
1651004910.844814,fist
1651004910.9448152,fist
1651004911.0448158,fist
1651004911.170534,fist
1651004911.273419,fist
1651004911.373419,fist
1651004911.4734201,fist
1651004911.573421,fist
1651004911.6734211,fist
1651004911.773422,fist
1651004911.8734221,fist
1651004911.973423,undetermined
1651004912.0734231,fist
1651004912.1734242,fist
1651004912.2734249,fist
1651004912.373425,fist
1651004912.4734259,fist
1651004912.573426,fist
1651004912.6921978,fist
1651004912.792198,fist
1651004912.913892,fist
1651004913.051708,fist
1651004913.1517088,fist
1651004913.279457,fist
1651004913.41275,fist
1651004913.5391161,fist
1651004913.648064,fist
1651004913.755882,fist
1651004913.8558831,fist
1651004913.955884,fist
1651004914.0558841,fist
1651004914.168087,fist
1651004914.2724638,fist
1651004914.3779688,fist
1651004914.477969,fist
1651004914.57797,fist
1651004914.677971,fist
1651004914.777971,fist
1651004914.877972,fist
1651004914.977972,fist
1651004915.077973,fist
1651004915.177973,fist
1651004915.2779741,fist
1651004915.3795688,fist
1651004915.479569,undetermined
1651004915.5918489,undetermined
1651004915.691849,undetermined
1651004915.79185,undetermined
1651004915.891851,undetermined
1651004915.991851,undetermined
1651004916.091852,undetermined
1651004916.1918762,undetermined
1651004916.291877,undetermined
1651004916.3918772,undetermined
1651004916.4918861,undetermined
1651004916.611962,fist
1651004916.7119622,fist
1651004916.8119628,fist
1651004916.914647,fist
1651004917.01491,fist
1651004917.114911,fist
1651004917.214912,undetermined
1651004917.314912,fist
1651004917.414913,fist
1651004917.534485,fist
1651004917.6729228,fist
1651004917.8033621,fist
1651004917.934588,fist
1651004918.060061,fist
1651004918.1600618,fist
1651004918.2964458,fist
1651004918.422653,fist
1651004918.522654,fist
1651004918.631799,fist
1651004918.74173,fist
1651004918.857238,fist
1651004918.960383,fist
1651004919.060411,fist
1651004919.1604118,fist
1651004919.262702,fist
1651004919.3627021,fist
1651004919.462703,fist
1651004919.583244,fist
1651004919.683245,fist
1651004919.783245,fist
1651004919.911752,fist
1651004920.0117528,fist
1651004920.113684,fist
1651004920.214366,fist
1651004920.314367,fist
1651004920.416196,fist
1651004920.606257,fist
1651004920.7062578,fist
1651004920.806258,fist
1651004920.906259,fist
1651004921.011341,fist
1651004921.1113422,fist
1651004921.211343,fist
1651004921.3113432,fist
1651004921.4113438,fist
1651004921.5113442,undetermined
1651004921.6113448,undetermined
1651004921.711345,undetermined
1651004921.8113458,undetermined
1651004921.911346,undetermined
1651004922.011347,undetermined
1651004922.111348,undetermined
1651004922.211348,undetermined
1651004922.311349,four
1651004922.411349,fist
1651004922.5487812,fist
1651004922.648782,fist
1651004922.7487822,fist
1651004922.848784,fist
1651004922.974417,fist
1651004923.110496,fist
1651004923.246733,fist
1651004923.346733,fist
1651004923.4776251,fist
1651004923.5776262,undetermined
1651004923.6776268,fist
1651004923.777631,fist
1651004923.877632,fist
1651004923.977632,fist
1651004924.077688,fist
1651004924.1776881,fist
1651004924.3007638,fist
1651004924.4053628,fist
1651004924.50563,fist
1651004924.6056309,fist
1651004924.7123468,fist
1651004924.812347,fist
1651004924.9123478,fist
1651004925.012348,fist
1651004925.112349,fist
1651004925.21235,fist
1651004925.322711,fist
1651004925.4227111,fist
1651004925.549516,fist
1651004925.6892002,fist
1651004925.7950048,fist
1651004925.9169018,fist
1651004926.0202508,fist
1651004926.120251,fist
1651004926.232621,fist
1651004926.3538802,undetermined
1651004926.48121,fist
1651004926.5812101,fist
1651004926.7120209,fist
1651004926.812021,fist
1651004926.93587,fist
1651004927.072115,fist
1651004927.172116,undetermined
1651004927.30352,fist
1651004927.40352,fist
1651004927.5041568,fist
1651004927.604157,fist
1651004927.71532,fist
1651004927.8153212,fist
1651004927.9153259,fist
1651004928.015326,fist
1651004928.115327,undetermined
1651004928.224443,undetermined
1651004928.3244438,undetermined
1651004928.424444,undetermined
1651004928.5244448,undetermined
1651004928.624445,undetermined
1651004928.724446,undetermined
1651004928.824447,undetermined
1651004928.924447,undetermined
1651004929.024448,undetermined
1651004929.124448,undetermined
1651004929.224482,fist
1651004929.327395,fist
1651004929.448257,fist
1651004929.58164,fist
1651004929.689761,fist
1651004929.789761,fist
1651004929.8897622,fist
1651004929.989763,fist
1651004930.0897632,fist
1651004930.189764,fist
1651004930.309063,fist
1651004930.409064,fist
1651004930.509065,fist
1651004930.609065,fist
1651004930.735984,fist
1651004930.839641,fist
1651004930.943703,fist
1651004931.043703,fist
1651004931.1437042,fist
1651004931.243913,fist
1651004931.343913,fist
1651004931.443914,fist
1651004931.543914,fist
1651004931.643915,fist
1651004931.766848,fist
1651004931.866849,fist
1651004931.966849,fist
1651004932.06685,fist
1651004932.187308,fist
1651004932.289345,fist
1651004932.3910851,fist
1651004932.491086,fist
1651004932.5910861,fist
1651004932.693063,fist
1651004932.7930639,fist
1651004932.893064,undetermined
1651004932.9930649,undetermined
1651004933.093065,undetermined
1651004933.193066,undetermined
1651004933.293066,undetermined
1651004933.393068,undetermined
1651004933.4930692,undetermined
1651004933.59307,undetermined
1651004933.6930702,undetermined
1651004933.793071,undetermined
1651004933.8930712,undetermined
1651004933.993089,undetermined
1651004934.093089,undetermined
1651004934.19309,undetermined
1651004934.29309,undetermined
1651004934.393091,undetermined
1651004934.493091,undetermined
1651004934.5930922,undetermined
1651004934.693093,undetermined
1651004934.7930932,undetermined
1651004934.8930938,undetermined
1651004934.993094,undetermined
1651004935.0930948,undetermined
1651004935.193095,undetermined
1651004935.2931,undetermined
1651004935.393101,undetermined
1651004935.4931011,undetermined
1651004935.593102,undetermined
1651004935.6931021,undetermined
1651004935.793108,undetermined
1651004935.893109,undetermined
1651004935.99311,four
1651004936.09311,fist
1651004936.193111,fist
1651004936.293111,fist
1651004936.3931122,fist
1651004936.493113,fist
1651004936.5931132,fist
1651004936.693119,fist
1651004936.79312,fist
1651004936.89312,fist
1651004936.993121,fist
1651004937.093121,fist
1651004937.233217,fist
1651004937.368611,fist
1651004937.5036821,fist
1651004937.603683,fist
1651004937.7058702,fist
1651004937.829896,fist
1651004937.935904,fist
1651004938.060755,fist
1651004938.195151,fist
1651004938.321884,fist
1651004938.456246,fist
1651004938.5907478,fist
1651004938.7285,fist
1651004938.855267,fist
1651004938.957713,fist
1651004939.057714,fist
1651004939.1577148,fist
1651004939.257715,fist
1651004939.375017,fist
1651004939.5110981,fist
1651004939.650938,fist
1651004939.7509382,fist
1651004939.8509388,undetermined
1651004939.950939,undetermined
1651004940.0509398,undetermined
1651004940.15094,undetermined
1651004940.250941,undetermined
1651004940.350942,undetermined
1651004940.450942,undetermined
1651004940.550943,undetermined
1651004940.650943,undetermined
1651004940.750944,undetermined
1651004940.850944,undetermined
1651004940.9509451,undetermined
1651004941.050946,undetermined
1651004941.1509461,undetermined
1651004941.250947,undetermined
1651004941.3509471,undetermined
1651004941.450948,undetermined
1651004941.5509481,undetermined
1651004941.650949,undetermined
1651004941.7509491,undetermined
1651004941.85095,undetermined
1651004941.9509509,undetermined
1651004942.050951,undetermined
1651004942.1509519,undetermined
1651004942.250952,undetermined
1651004942.3509529,undetermined
1651004942.450953,undetermined
1651004942.5509539,undetermined
1651004942.650954,undetermined
1651004942.750955,undetermined
1651004942.850956,undetermined
1651004942.950956,undetermined
1651004943.050957,undetermined
1651004943.150957,undetermined
1651004943.250958,undetermined
1651004943.350958,undetermined
1651004943.4509592,undetermined
1651004943.55096,undetermined
1651004943.650961,undetermined
1651004943.750962,undetermined
1651004943.8509629,undetermined
1651004943.950963,undetermined
1651004944.0509639,fist
1651004944.150964,fist
1651004944.2509649,fist
1651004944.350965,fist
1651004944.4509661,fist
1651004944.562585,fist
1651004944.69479,fist
1651004944.7960079,fist
1651004944.92786,fist
1651004945.028806,fist
1651004945.1589959,fist
1651004945.260247,fist
1651004945.3602471,fist
1651004945.460248,fist
1651004945.5602481,fist
1651004945.660249,fist
1651004945.7602491,fist
1651004945.86025,fist
1651004945.9602501,fist
1651004946.060251,fist
1651004946.1602519,fist
1651004946.260252,fist
1651004946.3602529,fist
1651004946.460253,fist
1651004946.574007,fist
1651004946.714093,fist
1651004946.814093,fist
1651004946.914094,fist
1651004947.014094,fist
1651004947.114161,fist
1651004947.238116,fist
1651004947.340076,fist
1651004947.440076,fist
1651004947.540077,fist
1651004947.640077,fist
1651004947.740078,fist
1651004947.840078,fist
1651004947.9596522,fist
1651004948.069361,fist
1651004948.1693618,fist
1651004948.2905679,fist
1651004948.390568,fist
1651004948.492735,fist
1651004948.592735,fist
1651004948.730975,fist
1651004948.830975,fist
1651004948.930976,fist
1651004949.030976,fist
1651004949.130977,fist
1651004949.230977,undetermined
1651004949.3309782,undetermined
1651004949.430979,undetermined
1651004949.5309792,undetermined
1651004949.631074,undetermined
1651004949.731074,undetermined
1651004949.831075,undetermined
1651004949.931075,undetermined
1651004950.0310762,undetermined
1651004950.131077,undetermined
1651004950.2310772,undetermined
1651004950.3310778,undetermined
1651004950.431078,undetermined
1651004950.5310788,undetermined
1651004950.631079,undetermined
1651004950.7310798,fight_on
1651004950.860849,fist
1651004950.96085,fist
1651004951.069362,fist
1651004951.169363,fist
1651004951.2693639,fist
1651004951.369364,fist
1651004951.469365,fist
1651004951.569365,fist
1651004951.6693661,fist
1651004951.769367,fist
1651004951.8693671,fist
1651004951.969368,fist
1651004952.085415,fist
1651004952.185418,fist
1651004952.287524,fist
1651004952.388876,fist
1651004952.488876,fist
1651004952.588877,fist
1651004952.688877,fist
1651004952.788878,fist
1651004952.888878,fist
1651004952.9888792,fist
1651004953.08888,fist
1651004953.188881,fist
1651004953.288882,fist
1651004953.3888829,fist
1651004953.488883,fist
1651004953.5888839,fist
1651004953.688884,undetermined
1651004953.7888849,fist
1651004953.888885,fist
1651004953.988886,fist
1651004954.101943,fist
1651004954.228815,fist
1651004954.332257,fist
1651004954.462523,fist
1651004954.569344,fist
1651004954.6968162,undetermined
1651004954.828795,fist
1651004954.9287958,fist
1651004955.028796,fist
1651004955.152241,fist
1651004955.2592058,fist
1651004955.359206,four
1651004955.4592068,undetermined
1651004955.559207,undetermined
1651004955.6592078,undetermined
1651004955.759208,undetermined
1651004955.859209,undetermined
1651004955.959243,undetermined
1651004956.059244,undetermined
1651004956.159244,undetermined
1651004956.2592452,undetermined
1651004956.359246,undetermined
1651004956.4592462,undetermined
1651004956.559247,undetermined
1651004956.6592472,undetermined
1651004956.7592561,undetermined
1651004956.859257,undetermined
1651004956.9592571,undetermined
1651004957.0592582,undetermined
1651004957.1592588,undetermined
1651004957.259259,undetermined
1651004957.3592598,undetermined
1651004957.45926,undetermined
1651004957.5592608,undetermined
1651004957.659261,undetermined
1651004957.7592618,undetermined
1651004957.859262,undetermined
1651004957.959263,undetermined
1651004958.059264,undetermined
1651004958.159264,undetermined
1651004958.259265,undetermined
1651004958.359265,undetermined
1651004958.459266,undetermined
1651004958.559266,undetermined
1651004958.6592672,undetermined
1651004958.759268,undetermined
1651004958.859297,undetermined
1651004958.9592981,undetermined
1651004959.0593019,undetermined
1651004959.159302,undetermined
1651004959.2593029,undetermined
1651004959.359303,undetermined
1651004959.4593039,undetermined
1651004959.5593212,undetermined
1651004959.659322,undetermined
1651004959.7593222,undetermined
1651004959.8593228,undetermined
1651004959.959323,undetermined
1651004960.0593238,undetermined
1651004960.159324,undetermined
1651004960.259325,undetermined
1651004960.359326,undetermined
1651004960.459326,undetermined
1651004960.559327,undetermined
1651004960.6602829,undetermined
1651004960.760283,undetermined
1651004960.8602839,undetermined
1651004960.960284,undetermined
1651004961.0602849,undetermined
1651004961.160285,undetermined
1651004961.2602901,undetermined
1651004961.360297,undetermined
1651004961.4741492,undetermined
1651004961.5741498,undetermined
1651004961.67415,undetermined
1651004961.7741508,undetermined
1651004961.874151,fist
1651004961.9741518,fist
1651004962.074152,fist
1651004962.186456,fist
1651004962.315983,fist
1651004962.447754,fist
1651004962.5770009,fist
1651004962.684449,fist
1651004962.8168309,fist
1651004962.9423249,fist
1651004963.080833,fist
1651004963.180833,fist
1651004963.310517,fist
1651004963.4682481,fight_on
1651004963.6042318,fist
1651004963.7059531,fist
1651004963.805954,fist
1651004963.932658,fist
1651004964.033537,fist
1651004964.137792,fist
1651004964.23782,fist
1651004964.337821,fist
1651004964.463646,fist
1651004964.592581,fist
1651004964.728181,fist
1651004964.858508,fist
1651004964.99069,fist
1651004965.092457,fist
1651004965.192458,fist
1651004965.320541,fist
1651004965.420542,fist
1651004965.5205429,fist
1651004965.648932,fist
1651004965.757857,fist
1651004965.857858,fist
1651004965.957858,fist
1651004966.0578592,fist
1651004966.180545,fist
1651004966.3096309,fist
1651004966.437394,fist
1651004966.570955,fist
1651004966.676616,undetermined
1651004966.776617,undetermined
1651004966.876618,undetermined
1651004966.976933,undetermined
1651004967.0769331,undetermined
1651004967.176934,undetermined
1651004967.2769349,undetermined
1651004967.376935,undetermined
1651004967.4769359,undetermined
1651004967.576936,undetermined
1651004967.6769369,undetermined
1651004967.776937,undetermined
1651004967.8769379,undetermined
1651004967.976938,undetermined
1651004968.076939,undetermined
1651004968.17694,undetermined
1651004968.27694,undetermined
1651004968.376941,undetermined
1651004968.476941,undetermined
1651004968.576942,undetermined
1651004968.676942,undetermined
1651004968.7769432,undetermined
1651004968.8769438,undetermined
1651004968.9769442,undetermined
1651004969.0769448,undetermined
1651004969.176945,undetermined
1651004969.2769458,undetermined
1651004969.376946,undetermined
1651004969.4769468,undetermined
1651004969.576947,undetermined
1651004969.676948,undetermined
1651004969.776949,undetermined
1651004969.8769548,undetermined
1651004969.976955,undetermined
1651004970.0769558,four
1651004970.1975539,fist
1651004970.33791,fist
1651004970.43791,fist
1651004970.565962,fist
1651004970.665963,fist
1651004970.765963,fist
1651004970.8964312,fist
1651004971.000214,fist
1651004971.100215,fist
1651004971.200215,fist
1651004971.300216,fist
1651004971.400216,fist
1651004971.5002172,fist
1651004971.600218,fist
1651004971.7002182,fist
1651004971.825619,fist
1651004971.92562,fist
1651004972.0507991,fist
1651004972.152336,fist
1651004972.284953,fist
1651004972.387112,fist
1651004972.487112,fist
1651004972.587113,fist
1651004972.687113,fist
1651004972.787114,fist
1651004972.887114,fist
1651004973.0058649,fist
1651004973.1138518,fist
1651004973.2138722,fist
1651004973.3138728,undetermined
1651004973.43683,undetermined
1651004973.536831,undetermined
1651004973.636831,undetermined
1651004973.736832,undetermined
1651004973.836832,undetermined
1651004973.936833,undetermined
1651004974.036833,undetermined
1651004974.1368341,undetermined
1651004974.236835,undetermined
1651004974.3368351,undetermined
1651004974.436836,fight_on
1651004974.559533,fist
1651004974.660744,fist
1651004974.760745,fist
1651004974.860746,fist
1651004974.960746,fist
1651004975.060747,fist
1651004975.160747,fist
1651004975.2607481,undetermined
1651004975.381877,fist
1651004975.481877,fist
1651004975.58671,fist
1651004975.6867101,fist
1651004975.8161762,fist
1651004975.9161768,fist
1651004976.016177,fist
1651004976.116178,fist
1651004976.216179,fist
1651004976.3161972,fist
1651004976.4161978,fist
1651004976.516198,fist
1651004976.616199,fist
1651004976.7161999,fist
1651004976.819668,fist
1651004976.919669,fist
1651004977.034751,fist
1651004977.136159,fist
1651004977.2376971,fist
1651004977.337698,fist
1651004977.461547,fist
1651004977.5667899,fist
1651004977.666791,fist
1651004977.796371,fist
1651004977.9259431,fist
1651004978.034011,fist
1651004978.134012,fist
1651004978.25618,fist
1651004978.3887832,fist
1651004978.518563,fist
1651004978.6185632,fist
1651004978.7350001,fist
1651004978.835001,fist
1651004978.9350011,fist
1651004979.073758,fist
1651004979.208956,fist
1651004979.343785,fist
1651004979.47731,fist
1651004979.6089861,fist
1651004979.7453508,fist
1651004979.870616,fist
1651004980.002382,fist
1651004980.132459,fist
1651004980.270676,fist
1651004980.395573,fist
1651004980.5001621,fist
1651004980.6016252,fist
1651004980.73591,fist
1651004980.8602948,fist
1651004980.964548,fist
1651004981.066232,undetermined
1651004981.1945221,fist
1651004981.2945228,fist
1651004981.394523,fist
1651004981.521507,fist
1651004981.657702,fist
1651004981.758566,fist
1651004981.858567,fist
1651004981.9585679,fist
1651004982.082596,fist
1651004982.216396,fist
1651004982.317469,fist
1651004982.419422,fist
1651004982.547072,fist
1651004982.677867,fist
1651004982.7817411,fist
1651004982.881742,fist
1651004982.9830499,fist
1651004983.1046631,fist
1651004983.2090821,fist
1651004983.339587,fist
1651004983.465249,fist
1651004983.6002262,fist
1651004983.700227,fist
1651004983.8002272,fist
1651004983.900228,undetermined
1651004984.001659,undetermined
1651004984.10166,undetermined
1651004984.2016609,undetermined
1651004984.301661,undetermined
1651004984.4016619,undetermined
1651004984.501662,undetermined
1651004984.6016629,undetermined
1651004984.701663,undetermined
1651004984.801664,undetermined
1651004984.901665,undetermined
1651004985.001665,undetermined
1651004985.101666,undetermined
1651004985.201666,undetermined
1651004985.301667,four
1651004985.411391,fist
1651004985.518093,undetermined
1651004985.619818,fist
1651004985.719819,fist
1651004985.81982,fist
1651004985.91982,fist
1651004986.04555,fist
1651004986.174562,fist
1651004986.3142378,fist
1651004986.440534,fist
1651004986.5738392,fist
1651004986.67384,fist
1651004986.804137,fist
1651004986.9310741,fist
1651004987.065587,fist
1651004987.200511,fist
1651004987.330254,fist
1651004987.462768,fist
1651004987.591397,fist
1651004987.7241359,undetermined
1651004987.861253,fist
1651004987.9612532,fist
1651004988.0612538,fist
1651004988.161254,fist
1651004988.26126,fist
1651004988.3612611,fist
1651004988.5436502,fist
1651004988.6550121,fist
1651004988.803118,fist
1651004988.917064,fist
1651004989.048429,fist
1651004989.1484292,fist
1651004989.27642,fist
1651004989.412549,fist
1651004989.544201,fist
1651004989.673237,fist
1651004989.8067489,fist
1651004989.936914,fist
1651004990.070047,fist
1651004990.198146,fist
1651004990.335883,fist
1651004990.435883,fist
1651004990.561686,fist
1651004990.665195,fist
1651004990.7974138,fist
1651004990.9284759,fist
1651004991.0311959,fist
1651004991.134315,fist
1651004991.234316,fist
1651004991.358995,fist
1651004991.461628,fist
1651004991.5616288,fist
1651004991.684924,fist
1651004991.7935731,fist
1651004991.893574,fist
1651004992.014827,fist
1651004992.1484952,fist
1651004992.251648,undetermined
1651004992.351648,undetermined
1651004992.451649,undetermined
1651004992.551649,undetermined
1651004992.65165,undetermined
1651004992.75165,undetermined
1651004992.851651,undetermined
1651004992.951651,undetermined
1651004993.0516522,undetermined
1651004993.151653,undetermined
1651004993.2516532,undetermined
1651004993.3516538,undetermined
1651004993.451654,undetermined
1651004993.5516548,fist
1651004993.651655,fist
1651004993.775885,fist
1651004993.897141,fist
1651004994.001534,fist
1651004994.130581,fist
1651004994.230581,fist
1651004994.3593202,fist
1651004994.493088,fist
1651004994.62339,fist
1651004994.75674,fist
1651004994.890513,fist
1651004994.991064,fist
1651004995.120975,fist
1651004995.251961,fist
1651004995.3866,fist
1651004995.5118122,fist
1651004995.6460211,fist
1651004995.749438,fist
1651004995.882967,fist
1651004996.007079,wooo
1651004996.111588,fist
1651004996.2115881,fist
1651004996.3331368,fist
1651004996.471788,fist
1651004996.580394,fist
1651004996.680397,fist
1651004996.801549,fist
1651004996.935192,fist
1651004997.076639,fist
1651004997.176639,fist
1651004997.27664,fist
1651004997.37664,fist
1651004997.495061,fist
1651004997.597663,fist
1651004997.728404,fist
1651004997.8571131,fist
1651004997.995428,fist
1651004998.119862,fist
1651004998.2570298,fist
1651004998.35703,fist
1651004998.487348,fist
1651004998.619872,fist
1651004998.7542899,fist
1651004998.8848488,fist
1651004998.984849,fist
1651004999.085136,fist
1651004999.2267652,fist
1651004999.348783,fist
1651004999.525056,fist
1651004999.693245,fist
1651004999.81886,fist
1651004999.986552,fist
1651005000.0865521,fist
1651005000.186553,undetermined
1651005000.2865531,undetermined
1651005000.386554,undetermined
1651005000.4865541,undetermined
1651005000.5865548,undetermined
1651005000.686555,undetermined
1651005000.786556,undetermined
1651005000.8865569,undetermined
1651005000.986557,undetermined
1651005001.0865579,four
1651005001.223354,fist
1651005001.323355,fist
1651005001.4263291,fist
1651005001.5263438,fist
1651005001.627486,fist
1651005001.751679,fist
1651005001.866122,fist
1651005001.966123,fist
1651005002.080331,fist
1651005002.212702,fist
1651005002.3465018,undetermined
1651005002.478683,fist
1651005002.5786839,fist
1651005002.678684,fist
1651005002.8078122,fist
1651005002.944611,fist
1651005003.0446122,fist
1651005003.169653,fist
1651005003.304107,fist
1651005003.433603,fist
1651005003.538763,fist
1651005003.6673868,fist
1651005003.7708669,fist
1651005003.900888,fist
1651005004.000888,fist
1651005004.1008892,fist
1651005004.2008908,fist
1651005004.300891,fist
1651005004.4218922,fist
1651005004.5288079,fist
1651005004.628808,undetermined
1651005004.7288089,undetermined
1651005004.828809,undetermined
1651005004.92881,undetermined
1651005005.02881,undetermined
1651005005.1288111,undetermined
1651005005.228812,undetermined
1651005005.3288121,undetermined
1651005005.428813,undetermined
1651005005.5288131,undetermined
1651005005.628814,undetermined
1651005005.7288141,undetermined
1651005005.8288152,undetermined
1651005005.928816,undetermined
1651005006.028817,four
1651005006.141505,fist
1651005006.242034,fist
1651005006.342626,fist
1651005006.442627,fist
1651005006.542627,fist
1651005006.644002,fist
1651005006.767215,fist
1651005006.8730628,fist
1651005006.973063,fist
1651005007.0730639,fist
1651005007.173064,fist
1651005007.2730649,fist
1651005007.373065,fist
1651005007.473066,fist
1651005007.573067,fist
1651005007.673067,fist
1651005007.773068,fist
1651005007.8731022,fist
1651005007.973103,fist
1651005008.0731032,fist
1651005008.173104,fist
1651005008.2866292,fist
1651005008.3897758,fist
1651005008.490479,fist
1651005008.614354,fist
1651005008.721121,fist
1651005008.82436,fist
1651005008.92436,fist
1651005009.024361,fist
1651005009.124361,fist
1651005009.224373,fist
1651005009.324374,fist
1651005009.424374,fist
1651005009.524375,fist
1651005009.624375,fist
1651005009.738404,fist
1651005009.844288,fist
1651005009.944289,fist
1651005010.0443,fist
1651005010.144301,fist
1651005010.244301,fist
1651005010.344311,fist
1651005010.4443111,fist
1651005010.544312,fist
1651005010.6443121,undetermined
1651005010.7443159,undetermined
1651005010.844316,undetermined
1651005010.9443169,undetermined
1651005011.044317,undetermined
1651005011.1443179,undetermined
1651005011.244318,undetermined
1651005011.3443189,undetermined
1651005011.444319,undetermined
1651005011.54432,undetermined
1651005011.644321,undetermined
1651005011.744321,undetermined
1651005011.844322,undetermined
1651005011.944322,undetermined
1651005012.044323,undetermined
1651005012.144323,undetermined
1651005012.2443242,four
1651005012.3770502,fist
1651005012.478456,fist
1651005012.579552,fist
1651005012.6800241,fist
1651005012.814183,fist
1651005012.9141839,fist
1651005013.014184,fist
1651005013.114218,fist
1651005013.214219,fist
1651005013.31422,fist
1651005013.41422,fist
1651005013.514221,fist
1651005013.614221,fist
1651005013.7142222,fist
1651005013.814223,fist
1651005013.914228,fist
1651005014.014229,fist
1651005014.11423,fist
1651005014.21423,fist
1651005014.3142312,fist
1651005014.414232,fist
1651005014.5142322,fist
1651005014.6232052,fist
1651005014.724189,fist
1651005014.8329458,fist
1651005014.932946,fist
1651005015.0329468,fist
1651005015.132947,fist
1651005015.232948,fist
1651005015.332949,fist
1651005015.432949,fist
1651005015.53295,fist
1651005015.63295,fist
1651005015.732951,fist
1651005015.832951,fist
1651005015.942889,fist
1651005016.043531,fist
1651005016.145521,fist
1651005016.245888,fist
1651005016.345889,fist
1651005016.44589,fist
1651005016.54589,fist
1651005016.6458912,fist
1651005016.745892,fist
1651005016.8458922,fist
1651005016.945893,fist
1651005017.0458932,fist
1651005017.1458938,fist
1651005017.245894,fist
1651005017.3458948,undetermined
1651005017.445895,undetermined
1651005017.545896,undetermined
1651005017.645897,undetermined
1651005017.745897,undetermined
1651005017.845898,undetermined
1651005017.945898,undetermined
1651005018.045899,undetermined
1651005018.145899,undetermined
1651005018.2459,undetermined
1651005018.3459,undetermined
1651005018.4459012,four
1651005018.5527492,fist
1651005018.682186,fist
1651005018.782186,fist
1651005018.882187,fist
1651005018.982187,fist
1651005019.0823529,fist
1651005019.2046778,fist
1651005019.3102489,fist
1651005019.4394581,fist
1651005019.539459,fist
1651005019.6394591,fist
1651005019.73946,fist
1651005019.8394601,fist
1651005019.9394612,fist
1651005020.0394619,fist
1651005020.139462,fist
1651005020.262361,fist
1651005020.3623612,fist
1651005020.48829,fist
1651005020.592586,fist
1651005020.695534,fist
1651005020.7955341,fist
1651005020.895535,fist
1651005020.9955351,fist
1651005021.0955362,fist
1651005021.1955369,fist
1651005021.295537,fist
1651005021.3955379,fist
1651005021.495538,fist
1651005021.5955389,fist
1651005021.695539,fist
1651005021.795542,fist
1651005021.895543,fist
1651005022.004907,fist
1651005022.104907,fist
1651005022.2049081,fist
1651005022.304909,fist
1651005022.40588,fist
1651005022.50588,fist
1651005022.605881,fist
1651005022.705931,fist
1651005022.805931,fist
1651005022.905932,fist
1651005023.005932,fist
1651005023.105933,fist
1651005023.205933,fist
1651005023.3059342,fist
1651005023.405935,fist
1651005023.521645,fist
1651005023.6216462,fist
1651005023.728478,fist
1651005023.828479,fist
1651005023.928483,fist
1651005024.0284832,fist
1651005024.1284878,fist
1651005024.228488,fist
1651005024.328489,fist
1651005024.42849,fist
1651005024.52849,fist
1651005024.628491,fist
1651005024.728491,fist
1651005024.8436239,fist
1651005024.943624,fist
1651005025.0436249,fist
1651005025.143625,fist
1651005025.2436259,fist
1651005025.343626,fist
1651005025.443648,fist
1651005025.543649,fist
1651005025.643649,fist
1651005025.74365,fist
1651005025.84365,fist
1651005025.943651,fist
1651005026.043651,fist
1651005026.1436522,fist
1651005026.2841148,fist
1651005026.48293,fist
1651005026.584137,fist
1651005026.684444,fist
1651005026.818017,fist
1651005026.918018,fist
1651005027.018019,fist
1651005027.1180558,fist
1651005027.218056,fist
1651005027.318057,fist
1651005027.418058,fist
1651005027.518058,undetermined
1651005027.618059,undetermined
1651005027.718059,undetermined
1651005027.81806,undetermined
1651005027.91806,undetermined
1651005028.0180612,undetermined
1651005028.118062,undetermined
1651005028.2180622,undetermined
1651005028.318075,undetermined
1651005028.4180758,undetermined
1651005028.518076,undetermined
1651005028.618077,undetermined
1651005028.718078,fist
1651005028.824658,fist
1651005028.924659,fist
1651005029.0246599,fist
1651005029.152054,fist
1651005029.252055,fist
1651005029.353035,fist
1651005029.453048,fist
1651005029.57661,fist
1651005029.711481,fist
1651005029.819274,fist
1651005029.9426959,fist
1651005030.076177,fist
1651005030.2080388,fist
1651005030.335427,fist
1651005030.468887,fist
1651005030.600522,fist
1651005030.7340212,fist
1651005030.871916,fist
1651005030.9719172,fist
1651005031.072035,fist
1651005031.196202,fist
1651005031.3006,fist
1651005031.4259222,fist
1651005031.5612328,fist
1651005031.661233,fist
1651005031.7612338,fist
1651005031.861632,fist
1651005031.961805,fist
1651005032.061806,fist
1651005032.161806,fist
1651005032.2618072,fist
1651005032.3618078,zero
1651005032.4618082,fist
1651005032.5618088,fist
1651005032.661809,fist
1651005032.7618098,undetermined
1651005032.86181,fist
1651005032.9618108,fist
1651005033.061811,fist
1651005033.161812,undetermined
1651005033.261813,fist
1651005033.361813,fist
1651005033.4705012,fist
1651005033.604554,fist
1651005033.704554,fist
1651005033.834236,fist
1651005033.9392052,fist
1651005034.0660758,undetermined
1651005034.166076,undetermined
1651005034.266077,undetermined
1651005034.366078,undetermined
1651005034.466078,undetermined
1651005034.566079,undetermined
1651005034.666079,undetermined
1651005034.76608,undetermined
1651005034.86608,undetermined
1651005034.9660811,undetermined
1651005035.066082,undetermined
1651005035.1660821,undetermined
1651005035.26609,undetermined
1651005035.36609,undetermined
1651005035.466091,undetermined
1651005035.566091,undetermined
1651005035.666092,undetermined
1651005035.766092,undetermined
1651005035.8660932,undetermined
1651005035.9660952,undetermined
1651005036.066096,undetermined
1651005036.166097,undetermined
1651005036.266098,undetermined
1651005036.366101,undetermined
1651005036.466156,undetermined
1651005036.5661561,undetermined
1651005036.666157,undetermined
1651005036.766158,undetermined
1651005036.8661592,undetermined
1651005036.9661598,undetermined
1651005037.0661602,undetermined
1651005037.1661608,undetermined
1651005037.266161,undetermined
1651005037.366174,undetermined
1651005037.4661849,undetermined
1651005037.566185,undetermined
1651005037.666186,undetermined
1651005037.766187,undetermined
1651005037.866187,undetermined
1651005037.966188,undetermined
1651005038.066188,undetermined
1651005038.166189,undetermined
1651005038.266189,undetermined
1651005038.3661902,undetermined
1651005038.466196,undetermined
1651005038.566197,undetermined
1651005038.666197,undetermined
1651005038.766198,undetermined
1651005038.866198,undetermined
1651005038.966199,undetermined
1651005039.066199,undetermined
1651005039.1662002,undetermined
1651005039.266201,fist
1651005039.373795,fist
1651005039.4737952,fist
1651005039.573796,fist
1651005039.6748421,fist
1651005039.8050292,fist
1651005039.931632,fist
1651005040.036659,fist
1651005040.1366599,fist
1651005040.2626429,fist
1651005040.367009,fist
1651005040.467009,fist
1651005040.594548,fist
1651005040.6984708,fist
1651005040.860249,fist
1651005040.989194,fist
1651005041.120057,fist
1651005041.248585,fist
1651005041.357391,fist
1651005041.483254,fist
1651005041.58704,fist
1651005041.68704,fist
1651005041.787041,fist
1651005041.8907678,fist
1651005041.9907808,fist
1651005042.109254,fist
1651005042.241801,fist
1651005042.341802,fist
1651005042.4722471,fist
1651005042.599843,fist
1651005042.710079,fist
1651005042.810116,fist
1651005042.9101162,fist
1651005043.033323,fist
1651005043.1333241,fist
1651005043.233325,fist
1651005043.3333251,fist
1651005043.433326,undetermined
1651005043.5333261,undetermined
1651005043.633327,undetermined
1651005043.7333272,undetermined
1651005043.8333282,undetermined
1651005043.9333298,undetermined
1651005044.03333,undetermined
1651005044.133331,undetermined
1651005044.233332,undetermined
1651005044.333332,undetermined
1651005044.433333,fight_on
1651005044.533333,undetermined
1651005044.633334,fist
1651005044.733346,fist
1651005044.851795,fist
1651005044.9816499,fist
1651005045.1061592,fist
1651005045.244152,fist
1651005045.347619,fist
1651005045.449277,fist
1651005045.549278,fist
1651005045.6492789,fist
1651005045.749279,fist
1651005045.84928,fist
1651005045.949281,fist
1651005046.0492811,fist
1651005046.149282,fist
1651005046.2492821,fist
1651005046.349283,fist
1651005046.4492831,fist
1651005046.566082,fist
1651005046.6660821,fist
1651005046.7932968,fist
1651005046.9344351,fist
1651005047.0558631,fist
1651005047.187455,fist
1651005047.290904,fist
1651005047.391614,fist
1651005047.492589,fist
1651005047.5925891,fist
1651005047.69259,fist
1651005047.8171918,fist
1651005047.917192,fist
1651005048.017193,fist
1651005048.1184099,fist
1651005048.241549,fist
1651005048.347622,fist
1651005048.475859,fist
1651005048.606642,fist
1651005048.7181618,fist
1651005048.818162,fist
1651005048.918163,fist
1651005049.018164,fist
1651005049.118164,fist
1651005049.218165,zero
1651005049.318165,fist
1651005049.418167,fist
1651005049.5318248,fist
1651005049.632844,fist
1651005049.732844,fist
1651005049.833411,fist
1651005049.9334111,fist
1651005050.033412,fist
1651005050.160942,fist
1651005050.2609432,fist
1651005050.360944,fist
1651005050.460945,fist
1651005050.561363,fist
1651005050.661364,fist
1651005050.761365,fist
1651005050.861631,fist
1651005050.961631,fist
1651005051.083902,fist
1651005051.209357,fist
1651005051.3435872,undetermined
1651005051.4809558,fist
1651005051.580956,fist
1651005051.7062058,fist
1651005051.843908,fist
1651005051.9702458,fist
1651005052.103169,fist
1651005052.234698,fist
1651005052.3723562,fist
1651005052.5036569,fist
1651005052.629963,fist
1651005052.7680588,fist
1651005052.896415,fist
1651005053.0275788,fist
1651005053.132653,fist
1651005053.257161,fist
1651005053.391228,fist
1651005053.5216472,undetermined
1651005053.6216478,undetermined
1651005053.7216482,undetermined
1651005053.8216488,undetermined
1651005053.921655,undetermined
1651005054.021655,undetermined
1651005054.1216562,undetermined
1651005054.221657,undetermined
1651005054.3216572,four
1651005054.4397178,fist
1651005054.5765162,fist
1651005054.709743,fist
1651005054.8097432,fist
1651005054.909744,fist
1651005055.014102,fist
1651005055.1141021,fist
1651005055.214103,fist
1651005055.3378692,fist
1651005055.439276,fist
1651005055.5422132,fist
1651005055.665441,fist
1651005055.7654421,fist
1651005055.865443,fist
1651005055.965585,fist
1651005056.09736,fist
1651005056.19736,fist
1651005056.297361,fist
1651005056.419851,fist
1651005056.527382,fist
1651005056.633237,fist
1651005056.733237,fist
1651005056.8547149,fist
1651005056.994533,fist
1651005057.132818,fist
1651005057.2493749,fist
1651005057.351959,fist
1651005057.453901,fist
1651005057.5539122,fist
1651005057.6774778,fist
1651005057.8176482,fist
1651005057.9559948,fist
1651005058.055995,fist
1651005058.172574,fist
1651005058.304789,undetermined
1651005058.4413419,fist
1651005058.541342,undetermined
1651005058.6413429,undetermined
1651005058.741343,undetermined
1651005058.841344,undetermined
1651005058.941345,undetermined
1651005059.0413451,undetermined
1651005059.141346,undetermined
1651005059.2413461,undetermined
1651005059.341347,undetermined
1651005059.4413471,undetermined
1651005059.541348,undetermined
1651005059.6413481,undetermined
1651005059.7413492,four
1651005059.8595352,fist
1651005059.992754,fist
1651005060.0927548,fist
1651005060.2193651,fist
1651005060.330442,fist
1651005060.450676,fist
1651005060.582378,fist
1651005060.683959,fist
1651005060.78422,undetermined
1651005060.890101,fist
1651005060.990101,fist
1651005061.090102,fist
1651005061.1901271,fist
1651005061.2901278,fist
1651005061.4106922,fist
1651005061.543784,fist
1651005061.669002,fist
1651005061.800918,fist
1651005061.939022,fist
1651005062.0637472,fist
1651005062.206434,fist
1651005062.334404,fist
1651005062.4344041,fist
1651005062.563272,fist
1651005062.6632729,fist
1651005062.7931578,fist
1651005062.895405,fist
1651005062.9954062,fist
1651005063.096652,fist
1651005063.1970592,fist
1651005063.39749,fist
1651005063.522717,fist
1651005063.656487,fist
1651005063.7875211,fist
1651005063.9199538,fist
1651005064.019954,fist
1651005064.1447659,fist
1651005064.250216,fist
1651005064.352551,fist
1651005064.4525518,fist
1651005064.552552,fist
1651005064.6525528,fist
1651005064.752553,fist
1651005064.852554,fist
1651005064.952555,fist
1651005065.052555,fist
1651005065.152556,fist
1651005065.252556,fist
1651005065.352557,fist
1651005065.452557,fist
1651005065.5525582,fist
1651005065.652559,fist
1651005065.7613518,fist
1651005065.8687649,fist
1651005065.996756,fist
1651005066.096837,fist
1651005066.197189,fist
1651005066.298814,fist
1651005066.398815,fist
1651005066.498815,fist
1651005066.598816,fist
1651005066.698816,fist
1651005066.798817,fist
1651005066.898817,fist
1651005066.998826,fist
1651005067.0988271,fist
1651005067.198828,fist
1651005067.2988281,fist
1651005067.4118102,fist
1651005067.515937,fist
1651005067.615938,fist
1651005067.715938,fist
1651005067.816309,fist
1651005067.9163442,fist
1651005068.016345,fist
1651005068.1163452,fist
1651005068.216346,fist
1651005068.3163462,fist
1651005068.4163468,fist
1651005068.537246,fist
1651005068.637474,fist
1651005068.747085,fist
1651005068.872442,fist
1651005068.9969769,fist
1651005069.098742,fist
1651005069.2006001,fist
1651005069.300601,fist
1651005069.423445,fist
1651005069.557317,undetermined
1651005069.6573172,undetermined
1651005069.7595022,undetermined
1651005069.859503,undetermined
1651005069.9595032,undetermined
1651005070.059504,undetermined
1651005070.159505,undetermined
1651005070.259506,undetermined
1651005070.3595068,undetermined
1651005070.459507,undetermined
1651005070.559508,undetermined
1651005070.659509,undetermined
1651005070.759509,undetermined
1651005070.85951,undetermined
1651005070.95951,undetermined
1651005071.059511,undetermined
1651005071.159511,fist
1651005071.259512,fist
1651005071.359512,fist
1651005071.467616,fist
1651005071.601141,fist
1651005071.7335098,fist
1651005071.837355,fist
1651005071.975557,fist
1651005072.100121,fist
1651005072.226913,fist
1651005072.3571541,fist
1651005072.491704,fist
1651005072.599496,fist
1651005072.7236748,fist
1651005072.8617752,fist
1651005072.9943192,fist
1651005073.1199129,fist
1651005073.2519581,fist
1651005073.385781,fist
1651005073.486743,fist
1651005073.616821,fist
1651005073.7568278,fist
1651005073.883807,fist
1651005074.017548,fist
1651005074.143543,fist
1651005074.274446,fist
1651005074.379651,undetermined
1651005074.50419,fist
1651005074.604191,undetermined
1651005074.710392,undetermined
1651005074.8103921,undetermined
1651005074.910393,undetermined
1651005075.0103931,undetermined
1651005075.110394,undetermined
1651005075.2103941,undetermined
1651005075.3103948,undetermined
1651005075.410395,undetermined
1651005075.510396,undetermined
1651005075.6103969,undetermined
1651005075.710397,undetermined
1651005075.8103979,undetermined
1651005075.910398,undetermined
1651005076.0103989,undetermined
1651005076.110399,undetermined
1651005076.2104,undetermined
1651005076.310401,undetermined
1651005076.410401,undetermined
1651005076.510402,undetermined
1651005076.610402,undetermined
1651005076.710403,undetermined
1651005076.810403,undetermined
1651005076.9104042,undetermined
1651005077.010405,undetermined
1651005077.1104052,undetermined
1651005077.2104058,undetermined
1651005077.310406,undetermined
1651005077.4104068,undetermined
1651005077.510407,undetermined
1651005077.6104078,undetermined
1651005077.710408,undetermined
1651005077.810409,undetermined
1651005077.91041,undetermined
1651005078.01041,undetermined
1651005078.110411,undetermined
1651005078.2104151,undetermined
1651005078.310416,undetermined
1651005078.4104161,undetermined
1651005078.510417,undetermined
1651005078.6104178,undetermined
1651005078.710418,undetermined
1651005078.8104188,undetermined
1651005078.910419,undetermined
1651005079.0104299,undetermined
1651005079.110432,undetermined
1651005079.210432,undetermined
1651005079.310433,undetermined
1651005079.410433,undetermined
1651005079.5104342,undetermined
1651005079.610435,undetermined
1651005079.7104461,undetermined
1651005079.8104472,undetermined
1651005079.910448,undetermined
1651005080.010449,undetermined
1651005080.11045,undetermined
1651005080.210451,undetermined
1651005080.310451,undetermined
1651005080.410489,undetermined
1651005080.5104902,undetermined
1651005080.6104908,undetermined
1651005080.710491,undetermined
1651005080.8104918,undetermined
1651005080.910492,undetermined
1651005081.010493,undetermined
1651005081.110494,undetermined
1651005081.210494,undetermined
1651005081.310495,undetermined
1651005081.410495,undetermined
1651005081.510496,undetermined
1651005081.610496,undetermined
1651005081.7111099,undetermined
1651005081.811111,undetermined
1651005081.9111118,undetermined
1651005082.023114,undetermined
1651005082.124243,undetermined
1651005082.22425,undetermined
1651005082.3242502,undetermined
1651005082.424372,undetermined
1651005082.526688,undetermined
1651005082.626689,undetermined
1651005082.726689,undetermined
1651005082.830623,undetermined
1651005082.930623,undetermined
1651005083.030624,undetermined
1651005083.130624,undetermined
1651005083.230625,undetermined
1651005083.330625,undetermined
1651005083.4306262,undetermined
1651005083.530627,undetermined
1651005083.6306272,undetermined
1651005083.730628,undetermined
1651005083.8310452,undetermined
1651005083.9310458,undetermined
1651005084.031052,undetermined
1651005084.131053,undetermined
1651005084.231053,undetermined
1651005084.331054,undetermined
1651005084.431054,undetermined
1651005084.5310552,undetermined
1651005084.6310558,undetermined
1651005084.7310562,undetermined
1651005084.8310568,undetermined
1651005084.931057,undetermined
1651005085.0310578,undetermined
1651005085.1310642,undetermined
