1651004316.521047,undetermined
1651004316.694098,undetermined
1651004316.7940989,undetermined
1651004316.894099,undetermined
1651004316.9940999,undetermined
1651004317.0941,undetermined
1651004317.34799,undetermined
1651004317.4664378,undetermined
1651004317.566438,undetermined
1651004317.683725,undetermined
1651004317.794883,undetermined
1651004317.907889,undetermined
1651004318.037071,undetermined
1651004318.1461,undetermined
1651004318.246101,undetermined
1651004318.346101,undetermined
1651004318.446102,undetermined
1651004318.546102,undetermined
1651004318.6461031,undetermined
1651004318.746104,undetermined
1651004318.8461041,undetermined
1651004318.946105,undetermined
1651004319.0461051,undetermined
1651004319.146106,undetermined
1651004319.2461061,undetermined
1651004319.3461068,undetermined
1651004319.446107,undetermined
1651004319.547324,undetermined
1651004319.647325,undetermined
1651004319.747326,undetermined
1651004319.8480918,undetermined
1651004319.968566,undetermined
1651004320.0748868,undetermined
1651004320.181304,undetermined
1651004320.2813041,undetermined
1651004320.381305,undetermined
1651004320.4813051,undetermined
1651004320.5813062,undetermined
1651004320.6813068,undetermined
1651004320.7814488,undetermined
1651004320.881454,undetermined
1651004320.9814541,undetermined
1651004321.082582,undetermined
1651004321.1839528,undetermined
1651004321.283953,undetermined
1651004321.3839538,undetermined
1651004321.483954,undetermined
1651004321.5943239,undetermined
1651004321.735476,undetermined
1651004321.868534,undetermined
1651004321.995339,undetermined
1651004322.095339,undetermined
1651004322.195348,undetermined
1651004322.295349,undetermined
1651004322.395349,undetermined
1651004322.4953501,undetermined
1651004322.595351,fight_on
1651004322.6953511,fight_on
1651004322.8022962,fight_on
1651004322.902297,fight_on
1651004323.0035589,fight_on
1651004323.103559,fight_on
1651004323.2318022,fight_on
1651004323.373856,fight_on
1651004323.474355,fight_on
1651004323.574365,fight_on
1651004323.698543,fight_on
1651004323.7985432,fight_on
1651004323.927852,fight_on
1651004324.028234,fight_on
1651004324.1636841,fight_on
1651004324.2636852,fight_on
1651004324.3636858,fight_on
1651004324.463686,fight_on
1651004324.5636868,fight_on
1651004324.663687,fight_on
1651004324.78696,fight_on
1651004324.887349,fight_on
1651004324.987349,fight_on
1651004325.0873759,fight_on
1651004325.223148,fight_on
1651004325.323149,fight_on
1651004325.423433,fight_on
1651004325.523434,fight_on
1651004325.6236448,fight_on
1651004325.723645,fight_on
1651004325.8386428,fight_on
1651004325.938643,fight_on
1651004326.038644,undetermined
1651004326.1405902,undetermined
1651004326.242615,undetermined
1651004326.342685,undetermined
1651004326.443855,undetermined
1651004326.5438552,undetermined
1651004326.6438558,undetermined
1651004326.7438562,undetermined
1651004326.8438568,undetermined
1651004326.943857,fist
1651004327.054369,fist
1651004327.154369,fist
1651004327.25437,fist
1651004327.35437,fist
1651004327.454371,fist
1651004327.554389,fist
1651004327.65439,fist
1651004327.754391,fist
1651004327.85816,fist
1651004327.969045,fist
1651004328.069045,fist
1651004328.169046,fist
1651004328.269046,fist
1651004328.369047,fist
1651004328.469047,fist
1651004328.5690482,fist
1651004328.669049,fist
1651004328.7690492,fist
1651004328.86905,fist
1651004328.9690502,fist
1651004329.0690508,fist
1651004329.169051,fist
1651004329.2690518,fist
1651004329.372093,fist
1651004329.4721122,fist
1651004329.5721128,fist
1651004329.672113,fist
1651004329.772114,fist
1651004329.872115,fist
1651004329.972138,fist
1651004330.072138,fist
1651004330.172139,fist
1651004330.272139,fist
1651004330.390569,fist
1651004330.490649,fist
1651004330.5906491,fist
1651004330.693963,fist
1651004330.7939641,fist
1651004330.893965,fist
1651004330.9939651,fist
1651004331.093966,fist
1651004331.1939662,fist
1651004331.3077812,fist
1651004331.409201,fist
1651004331.509202,undetermined
1651004331.6092029,fist
1651004331.709203,undetermined
1651004331.809207,undetermined
1651004331.909207,undetermined
1651004332.009208,undetermined
1651004332.109208,fight_on
1651004332.2123709,fist
1651004332.334046,fist
1651004332.434046,fist
1651004332.534047,fist
1651004332.6340532,fist
1651004332.7340539,fist
1651004332.834094,fist
1651004332.9340942,fist
1651004333.034095,fist
1651004333.1340952,fist
1651004333.234659,fist
1651004333.334659,fist
1651004333.4346602,fist
1651004333.534828,fist
1651004333.634828,fist
1651004333.734829,fist
1651004333.834829,fist
1651004333.9348302,fist
1651004334.034831,fist
1651004334.1348312,fist
1651004334.234838,fist
1651004334.334839,fist
1651004334.43484,fist
1651004334.53484,fist
1651004334.634851,fist
1651004334.7348511,fist
1651004334.834852,fist
1651004334.9348521,fist
1651004335.0348532,fist
1651004335.1348538,fist
1651004335.234854,fist
1651004335.3348548,fist
1651004335.4490728,fist
1651004335.549073,fist
1651004335.6490738,fist
1651004335.749074,fist
1651004335.8490748,fist
1651004335.949075,fist
1651004336.049076,fist
1651004336.149077,fist
1651004336.250925,undetermined
1651004336.351958,undetermined
1651004336.4519591,undetermined
1651004336.55196,undetermined
1651004336.6519601,undetermined
1651004336.751961,undetermined
1651004336.8519611,fight_on
1651004336.965129,fight_on
1651004337.065129,fight_on
1651004337.1651359,fight_on
1651004337.2651362,fight_on
1651004337.365154,fight_on
1651004337.4651551,fight_on
1651004337.567434,fight_on
1651004337.669881,fight_on
1651004337.7698822,fight_on
1651004337.8698828,fight_on
1651004337.969883,fight_on
1651004338.071378,fight_on
1651004338.173103,fight_on
1651004338.273104,fight_on
1651004338.373104,fight_on
1651004338.473105,fight_on
1651004338.5731058,fight_on
1651004338.673106,fight_on
1651004338.773107,fight_on
1651004338.873108,fight_on
1651004338.973108,fight_on
1651004339.073109,fight_on
1651004339.173109,fight_on
1651004339.27311,fight_on
1651004339.37311,fight_on
1651004339.4731112,fight_on
1651004339.573112,fight_on
1651004339.6731122,fight_on
1651004339.773113,fight_on
1651004339.8731132,fight_on
1651004339.973114,fight_on
1651004340.0731142,fight_on
1651004340.1731148,fight_on
1651004340.273115,fight_on
1651004340.373116,fight_on
1651004340.4737012,fight_on
1651004340.5737019,fight_on
1651004340.673702,fight_on
1651004340.773786,fight_on
1651004340.8737862,fight_on
1651004340.9737868,fight_on
1651004341.1952262,undetermined
1651004341.3466291,undetermined
1651004341.4525702,undetermined
1651004341.5525708,undetermined
1651004341.685477,undetermined
1651004341.787034,undetermined
1651004341.914857,fight_on
1651004342.016883,fight_on
1651004342.117259,fight_on
1651004342.2172601,fight_on
1651004342.317261,fight_on
1651004342.4172611,fight_on
1651004342.517262,fight_on
1651004342.617263,fight_on
1651004342.720412,fight_on
1651004342.82049,fight_on
1651004342.92049,fight_on
1651004343.0204911,fight_on
1651004343.153623,fight_on
1651004343.253624,fight_on
1651004343.353624,fight_on
1651004343.453644,fight_on
1651004343.565996,fight_on
1651004343.665996,fight_on
1651004343.7659972,fight_on
1651004343.865998,fight_on
1651004343.9659982,fight_on
1651004344.065999,fight_on
1651004344.1659992,fight_on
1651004344.2659998,fight_on
1651004344.377675,fight_on
1651004344.477676,fight_on
1651004344.5885508,fight_on
1651004344.688551,fight_on
1651004344.788552,fight_on
1651004344.889417,fight_on
1651004344.989417,fight_on
1651004345.110389,fight_on
1651004345.210491,fight_on
1651004345.310737,fight_on
1651004345.4227011,fight_on
1651004345.522702,fight_on
1651004345.645167,fight_on
1651004345.745168,fight_on
1651004345.845168,fight_on
1651004345.945169,undetermined
1651004346.0452092,undetermined
1651004346.14521,undetermined
1651004346.2473788,undetermined
1651004346.347379,undetermined
1651004346.453825,undetermined
1651004346.5538251,undetermined
1651004346.653836,undetermined
1651004346.753837,fight_on
1651004346.9082,fist
1651004347.008201,fist
1651004347.108201,fist
1651004347.208216,fist
1651004347.308216,fist
1651004347.4082172,fist
1651004347.508218,fist
1651004347.6082182,fist
1651004347.7082188,fist
1651004347.808219,fist
1651004347.9082198,fist
1651004348.00822,fist
1651004348.1082208,fist
1651004348.208221,fist
1651004348.308222,fist
1651004348.408223,fist
1651004348.508223,fist
1651004348.608224,fist
1651004348.708629,fist
1651004348.808728,fist
1651004348.9087281,fist
1651004349.0087402,fist
1651004349.108741,fist
1651004349.2087412,fist
1651004349.3087418,fist
1651004349.409558,fist
1651004349.509784,fist
1651004349.6099892,fist
1651004349.7099898,fist
1651004349.80999,fist
1651004349.9103732,fist
1651004350.010388,fist
1651004350.110388,fist
1651004350.210398,fist
1651004350.310551,fist
1651004350.410551,fist
1651004350.5105522,fist
1651004350.6105669,fist
1651004350.710567,fist
1651004350.8105679,fist
1651004350.910568,fist
1651004351.0105689,fist
1651004351.110569,fist
1651004351.210922,fist
1651004351.312178,fist
1651004351.412179,fist
1651004351.5121799,fist
1651004351.61218,fist
1651004351.712181,undetermined
1651004351.812182,undetermined
1651004351.912182,undetermined
1651004352.012183,undetermined
1651004352.112192,undetermined
1651004352.212192,fight_on
1651004352.312193,fight_on
1651004352.412193,fight_on
1651004352.5258298,fight_on
1651004352.626914,fight_on
1651004352.7269151,fight_on
1651004352.826916,fight_on
1651004352.9269161,fight_on
1651004353.0269172,fight_on
1651004353.1269178,fight_on
1651004353.226918,fight_on
1651004353.3269188,fight_on
1651004353.426919,fight_on
1651004353.5269198,fight_on
1651004353.62692,fight_on
1651004353.7269208,fight_on
1651004353.826922,fight_on
1651004353.926922,fight_on
1651004354.026923,fight_on
1651004354.126979,fight_on
1651004354.237961,fight_on
1651004354.337962,fight_on
1651004354.437962,fight_on
1651004354.537963,fight_on
1651004354.64138,fight_on
1651004354.7413802,fight_on
1651004354.841381,fight_on
1651004355.015834,fight_on
1651004355.116749,fight_on
1651004355.2167501,fight_on
1651004355.316751,fight_on
1651004355.4167511,fight_on
1651004355.5167518,fight_on
1651004355.6167521,fight_on
1651004355.718782,fight_on
1651004355.818783,fight_on
1651004355.918784,four
1651004356.018784,undetermined
1651004356.1187851,undetermined
1651004356.218786,undetermined
1651004356.3203971,fight_on
1651004356.445875,fist
1651004356.5461838,fist
1651004356.646297,fist
1651004356.746308,fist
1651004356.846487,fist
1651004356.9464881,fist
1651004357.046489,fist
1651004357.1464891,fist
1651004357.247364,fist
1651004357.3473642,fist
1651004357.447395,fist
1651004357.5473962,fist
1651004357.647734,fist
1651004357.747734,fist
1651004357.847758,fist
1651004357.9477582,fist
1651004358.047759,fist
1651004358.1477592,fist
1651004358.2477598,fist
1651004358.3477602,fist
1651004358.4477608,fist
1651004358.547761,fist
1651004358.6477618,fist
1651004358.747762,fist
1651004358.847763,fist
1651004358.947874,fist
1651004359.0478752,fist
1651004359.147897,fist
1651004359.2478971,fist
1651004359.347898,fist
1651004359.4478981,fist
1651004359.5479171,fist
1651004359.647918,fist
1651004359.7479181,fist
1651004359.847919,fist
1651004359.9479191,fist
1651004360.0479202,fist
1651004360.1479208,fist
1651004360.247921,fist
1651004360.3633752,fist
1651004360.4633758,fist
1651004360.563385,fist
1651004360.6633852,fist
1651004360.763386,undetermined
1651004360.8633862,undetermined
1651004360.9633868,undetermined
1651004361.0634282,undetermined
1651004361.163429,undetermined
1651004361.2634292,four
1651004361.363432,fist
1651004361.463433,fist
1651004361.563602,fist
1651004361.6636028,fist
1651004361.763603,fist
1651004361.863604,fist
1651004361.963605,fist
1651004362.063605,fist
1651004362.163606,fist
1651004362.263606,fist
1651004362.363607,fist
1651004362.464295,fist
1651004362.5721998,fist
1651004362.758941,fist
1651004362.881096,fist
1651004363.0023198,fist
1651004363.1023202,fist
1651004363.2023208,fist
1651004363.302321,fist
1651004363.4023218,fist
1651004363.502322,fist
1651004363.602323,fist
1651004363.702324,fist
1651004363.802371,fist
1651004363.9023712,fist
1651004364.002372,fist
1651004364.1023722,fist
1651004364.202373,fist
1651004364.30238,fist
1651004364.402404,fist
1651004364.5216022,fist
1651004364.621603,fist
1651004364.7216032,fist
1651004364.821604,fist
1651004364.9216042,fist
1651004365.021605,fist
1651004365.1216052,fist
1651004365.2216058,fist
1651004365.321606,fist
1651004365.421607,fist
1651004365.5216079,fist
1651004365.621608,undetermined
1651004365.7216089,undetermined
1651004365.821609,undetermined
1651004365.9216099,undetermined
1651004366.0358028,undetermined
1651004366.135803,fight_on
1651004366.2358038,fight_on
1651004366.335804,fight_on
1651004366.4358048,fight_on
1651004366.536899,fight_on
1651004366.6369002,fight_on
1651004366.736901,fight_on
1651004366.8369012,fight_on
1651004366.9369018,fight_on
1651004367.036902,fight_on
1651004367.1369028,fight_on
1651004367.236903,fight_on
1651004367.336904,fight_on
1651004367.436905,fight_on
1651004367.536905,fight_on
1651004367.636906,fight_on
1651004367.736906,fight_on
1651004367.836907,fight_on
1651004367.936907,fight_on
1651004368.0369081,fight_on
1651004368.136909,fight_on
1651004368.23692,fight_on
1651004368.336926,fight_on
1651004368.436927,fight_on
1651004368.536928,fight_on
1651004368.636928,fight_on
1651004368.736929,fight_on
1651004368.836929,fight_on
1651004368.93693,fight_on
1651004369.03693,fight_on
1651004369.1369312,fight_on
1651004369.240654,fight_on
1651004369.3406541,fight_on
1651004369.440655,fight_on
1651004369.5406551,fight_on
1651004369.6406558,fight_on
1651004369.7406561,fight_on
1651004369.840657,fight_on
1651004369.9406579,fight_on
1651004370.040658,fight_on
1651004370.1406589,fight_on
1651004370.240659,fight_on
1651004370.3406599,fight_on
1651004370.44066,fight_on
1651004370.558676,fight_on
1651004370.658677,fight_on
1651004370.758678,fight_on
1651004370.858678,fight_on
1651004370.958679,fight_on
1651004371.058679,fight_on
1651004371.15868,undetermined
1651004371.259157,undetermined
1651004371.359157,undetermined
1651004371.459158,undetermined
1651004371.559158,undetermined
1651004371.659159,undetermined
1651004371.759159,undetermined
1651004371.85916,undetermined
1651004371.95916,four
1651004372.0591612,undetermined
1651004372.159162,fight_on
1651004372.2591622,fight_on
1651004372.3591628,fight_on
1651004372.460387,fight_on
1651004372.5603871,fight_on
1651004372.660396,fight_on
1651004372.760397,fight_on
1651004372.860397,fight_on
1651004372.9603982,fight_on
1651004373.060399,fight_on
1651004373.1603992,fight_on
1651004373.2604,fight_on
1651004373.360401,fight_on
1651004373.460402,fight_on
1651004373.5604029,fight_on
1651004373.660403,fight_on
1651004373.7604039,fight_on
1651004373.860404,fight_on
1651004373.9604049,fight_on
1651004374.060405,fight_on
1651004374.160406,fight_on
1651004374.260407,fight_on
1651004374.360407,fight_on
1651004374.460408,fight_on
1651004374.560408,fight_on
1651004374.660409,fight_on
1651004374.760409,fight_on
1651004374.8779562,fight_on
1651004374.977957,fight_on
1651004375.0779572,fight_on
1651004375.1779578,fight_on
1651004375.277958,fight_on
1651004375.377959,fight_on
1651004375.477969,fight_on
1651004375.57797,fight_on
1651004375.677971,fight_on
1651004375.777971,fight_on
1651004375.877972,fight_on
1651004375.977972,fight_on
1651004376.094572,fight_on
1651004376.1945732,fight_on
1651004376.294574,fight_on
1651004376.3945742,fight_on
1651004376.494575,fight_on
1651004376.5945752,fight_on
1651004376.694576,fight_on
1651004376.794577,fight_on
1651004376.894578,fight_on
1651004376.9945788,fight_on
1651004377.094579,fight_on
1651004377.19458,fight_on
1651004377.294581,fight_on
1651004377.394581,fight_on
1651004377.494582,undetermined
1651004377.594582,undetermined
1651004377.694583,undetermined
1651004377.794583,undetermined
1651004377.8945842,undetermined
1651004377.994585,four
1651004378.0945852,fist
1651004378.219289,fist
1651004378.3192902,fist
1651004378.4192908,fist
1651004378.519291,fist
1651004378.619292,fist
1651004378.7192929,fist
1651004378.819293,fist
1651004378.9192939,fist
1651004379.0375419,fist
1651004379.137543,fist
1651004379.2375438,fist
1651004379.337544,fist
1651004379.437545,fist
1651004379.537546,fist
1651004379.637546,fist
1651004379.737547,fist
1651004379.837547,fist
1651004379.937548,fist
1651004380.037548,fist
1651004380.1375492,fist
1651004380.23755,fist
1651004380.3375502,fist
1651004380.437551,fist
1651004380.5376608,fist
1651004380.637661,fist
1651004380.7376618,fist
1651004380.837662,fist
1651004380.937663,fist
1651004381.037664,fist
1651004381.137664,fist
1651004381.237665,fist
1651004381.337769,fist
1651004381.43777,fist
1651004381.53777,fist
1651004381.637771,fist
1651004381.737771,fist
1651004381.8377721,fist
1651004381.937773,fist
1651004382.0377731,fist
1651004382.137774,fist
1651004382.2377741,fist
1651004382.337775,fist
1651004382.4377751,fist
1651004382.5377762,fist
1651004382.6377769,fist
1651004382.737777,fist
1651004382.8377779,fist
1651004382.937778,fist
1651004383.0377789,undetermined
1651004383.137779,undetermined
1651004383.2377799,undetermined
1651004383.33778,undetermined
1651004383.437781,undetermined
1651004383.537782,undetermined
1651004383.637782,undetermined
1651004383.737783,undetermined
1651004383.837783,undetermined
1651004383.937784,undetermined
1651004384.037784,four
1651004384.1377852,fist
1651004384.329553,fist
1651004384.429554,fist
1651004384.5295548,fist
1651004384.629555,fist
1651004384.729556,fist
1651004384.829557,fist
1651004384.929557,fist
1651004385.029558,fist
1651004385.129558,fist
1651004385.229571,fist
1651004385.3295722,fist
1651004385.429573,fist
1651004385.5295732,fist
1651004385.6295738,fist
1651004385.729574,fist
1651004385.8295748,fist
1651004385.935932,fist
1651004386.035933,fist
1651004386.135935,fist
1651004386.235936,fist
1651004386.335936,fist
1651004386.44549,fist
1651004386.54549,fist
1651004386.6617699,fist
1651004386.76177,fist
1651004386.862128,fist
1651004386.9621289,fist
1651004387.06213,fist
1651004387.1621308,fist
1651004387.262131,fist
1651004387.362132,fist
1651004387.462133,fist
1651004387.562133,fist
1651004387.6621928,fist
1651004387.762193,fist
1651004387.8621938,fist
1651004387.962194,fist
1651004388.0622542,fist
1651004388.162255,fist
1651004388.2622972,fist
1651004388.3638651,fist
1651004388.463876,fist
1651004388.5638762,fist
1651004388.663877,fist
1651004388.763968,fist
1651004388.863969,fist
1651004388.96397,fist
1651004389.063978,fist
1651004389.163978,fist
1651004389.263979,fist
1651004389.363979,fist
1651004389.46398,undetermined
1651004389.56398,undetermined
1651004389.6639879,undetermined
1651004389.763988,undetermined
1651004389.8639889,undetermined
1651004389.963989,undetermined
1651004390.06399,undetermined
1651004390.163991,undetermined
1651004390.263991,undetermined
1651004390.363992,fight_on
1651004390.463992,fight_on
1651004390.563993,fight_on
1651004390.6639931,fight_on
1651004390.7639942,fight_on
1651004390.8639948,fight_on
1651004390.963995,fight_on
1651004391.0639958,fight_on
1651004391.183649,fight_on
1651004391.2836502,fight_on
1651004391.383651,fight_on
1651004391.4836512,fight_on
1651004391.583652,fight_on
1651004391.6836522,fight_on
1651004391.803007,fight_on
1651004391.903007,fight_on
1651004392.003008,fight_on
1651004392.103008,fight_on
1651004392.2030091,fight_on
1651004392.30301,fight_on
1651004392.4075992,fight_on
1651004392.5075998,fight_on
1651004392.6076002,fight_on
1651004392.7076008,fight_on
1651004392.807601,fight_on
1651004392.9076018,fight_on
1651004393.007602,fight_on
1651004393.1076028,fight_on
1651004393.207603,fight_on
1651004393.307604,fight_on
1651004393.407605,fight_on
1651004393.535545,fight_on
1651004393.639068,fight_on
1651004393.739069,fight_on
1651004393.849021,fight_on
1651004393.949022,fight_on
1651004394.049023,undetermined
1651004394.149023,undetermined
1651004394.249024,undetermined
1651004394.349024,undetermined
1651004394.449025,undetermined
1651004394.549025,fist
1651004394.6490262,fist
1651004394.749027,fist
1651004394.8490272,fist
1651004394.949028,fist
1651004395.0490282,fist
1651004395.149029,fist
1651004395.2490292,fist
1651004395.3490298,fist
1651004395.44904,fist
1651004395.54904,fist
1651004395.6723158,fist
1651004395.772316,fist
1651004395.8723168,fist
1651004395.972317,fist
1651004396.0723178,fist
1651004396.172318,fist
1651004396.272319,fist
1651004396.37232,fist
1651004396.47232,fist
1651004396.572321,fist
1651004396.672321,fist
1651004396.772322,fist
1651004396.872322,fist
1651004396.9723232,fist
1651004397.072324,fist
1651004397.1723242,fist
1651004397.272325,fist
1651004397.3723252,fist
1651004397.47235,fist
1651004397.5723572,fist
1651004397.6723578,fist
1651004397.772358,fist
1651004397.8723588,fist
1651004397.9725661,fist
1651004398.072567,fist
1651004398.1725671,fist
1651004398.272568,fist
1651004398.3725681,fist
1651004398.472569,fist
1651004398.5725691,fist
1651004398.6725702,fist
1651004398.7725708,fist
1651004398.872571,fist
1651004398.9725718,fist
1651004399.072572,fist
1651004399.1725729,fist
1651004399.272573,fist
1651004399.3725739,undetermined
1651004399.472809,undetermined
1651004399.57281,undetermined
1651004399.67281,undetermined
1651004399.772811,undetermined
1651004399.872811,undetermined
1651004399.972812,undetermined
1651004400.072812,undetermined
1651004400.172813,fight_on
1651004400.273061,fight_on
1651004400.3730612,fight_on
1651004400.4730618,fight_on
1651004400.573062,fight_on
1651004400.679693,fight_on
1651004400.7796931,undetermined
1651004400.8841321,fight_on
1651004400.984133,fight_on
1651004401.0841331,fight_on
1651004401.184134,fight_on
1651004401.2841349,fight_on
1651004401.410927,fight_on
1651004401.5109272,fight_on
1651004401.610928,fight_on
1651004401.710929,fight_on
1651004401.836985,fight_on
1651004401.9369862,fight_on
1651004402.0369868,fight_on
1651004402.136987,fight_on
1651004402.2369878,fight_on
1651004402.336988,fight_on
1651004402.4369888,fight_on
1651004402.536989,fight_on
1651004402.636996,fight_on
1651004402.7369962,fight_on
1651004402.863104,fight_on
1651004402.963105,fight_on
1651004403.063105,fight_on
1651004403.163106,fight_on
1651004403.263106,fight_on
1651004403.363107,fight_on
1651004403.463107,fight_on
1651004403.5631082,fight_on
1651004403.683488,fight_on
1651004403.783488,fight_on
1651004403.884022,fight_on
1651004403.984023,fight_on
1651004404.084024,fight_on
1651004404.1889899,fight_on
1651004404.28899,fight_on
1651004404.3889909,undetermined
1651004404.488991,undetermined
1651004404.588992,undetermined
1651004404.688993,undetermined
1651004404.7889931,undetermined
1651004404.888994,undetermined
1651004404.9889941,undetermined
1651004405.088995,four
1651004405.1889951,fist
1651004405.288996,fist
1651004405.412255,fist
1651004405.512256,fist
1651004405.612256,fist
1651004405.712257,fist
1651004405.812257,fist
1651004405.9122581,fist
1651004406.012259,fist
1651004406.1122591,fist
1651004406.21226,fist
1651004406.3122602,fist
1651004406.412261,fist
1651004406.5122612,fist
1651004406.6122618,fist
1651004406.712262,fist
1651004406.812263,fist
1651004406.9122639,fist
1651004407.012267,fist
1651004407.112268,fist
1651004407.212268,fist
1651004407.312269,fist
1651004407.412269,fist
1651004407.51227,fist
1651004407.61227,fist
1651004407.7122712,fist
1651004407.812272,fist
1651004407.912273,fist
1651004408.012274,fist
1651004408.11449,fist
1651004408.2144902,fist
1651004408.3144908,fist
1651004408.414491,fist
1651004408.5144918,fist
1651004408.614492,fist
1651004408.714493,fist
1651004408.814494,fist
1651004408.914494,fist
1651004409.014495,fist
1651004409.114495,fist
1651004409.214496,fist
1651004409.314496,fist
1651004409.4144971,fist
1651004409.5150201,fist
1651004409.615048,fist
1651004409.715049,fist
1651004409.81505,fist
1651004409.915092,fist
1651004410.015093,undetermined
1651004410.115094,undetermined
1651004410.215094,undetermined
1651004410.315095,undetermined
1651004410.4151082,undetermined
1651004410.515109,undetermined
1651004410.6151092,undetermined
1651004410.7151098,undetermined
1651004410.81511,undetermined
1651004410.9151108,undetermined
1651004411.015111,fight_on
1651004411.1151118,fight_on
1651004411.215112,fight_on
1651004411.315113,fight_on
1651004411.454139,fight_on
1651004411.5541399,fight_on
1651004411.65414,fight_on
1651004411.7541409,fight_on
1651004411.875993,fight_on
1651004411.9759932,fight_on
1651004412.076001,fight_on
1651004412.176001,fight_on
1651004412.301879,fight_on
1651004412.401879,fight_on
1651004412.511418,fight_on
1651004412.611419,fight_on
1651004412.711445,fight_on
1651004412.833515,fight_on
1651004412.933515,fight_on
1651004413.03992,fight_on
1651004413.139921,fight_on
1651004413.2399218,fight_on
1651004413.339922,fight_on
1651004413.439923,fight_on
1651004413.539924,fight_on
1651004413.639924,fight_on
1651004413.739925,fight_on
1651004413.839925,fight_on
1651004413.954015,fight_on
1651004414.054016,fight_on
1651004414.154017,fight_on
1651004414.254017,fight_on
1651004414.377205,fight_on
1651004414.477205,fight_on
1651004414.5772061,fight_on
1651004414.677207,fight_on
1651004414.7772071,fight_on
1651004414.877208,fight_on
1651004414.9772081,fight_on
1651004415.077209,fight_on
1651004415.1772091,fight_on
1651004415.27721,fight_on
1651004415.3772101,fight_on
1651004415.479934,fight_on
1651004415.579935,undetermined
1651004415.694305,fight_on
1651004415.794305,fight_on
1651004415.894306,fight_on
1651004415.999201,fight_on
1651004416.0992022,undetermined
1651004416.199203,undetermined
1651004416.2992032,undetermined
1651004416.399204,undetermined
1651004416.4992042,undetermined
1651004416.599205,undetermined
1651004416.6992052,undetermined
1651004416.7992058,undetermined
1651004416.899206,undetermined
1651004416.999207,undetermined
1651004417.0992079,undetermined
1651004417.199208,fight_on
1651004417.317487,fight_on
1651004417.4174871,fight_on
1651004417.526397,fight_on
1651004417.65428,fight_on
1651004417.754281,fight_on
1651004417.884819,fight_on
1651004417.98482,fight_on
1651004418.08482,fight_on
1651004418.184821,fight_on
1651004418.284821,fight_on
1651004418.3868558,fight_on
1651004418.49573,fight_on
1651004418.6037009,fight_on
1651004418.703701,fight_on
1651004418.803702,fight_on
1651004418.903703,fight_on
1651004419.003703,fight_on
1651004419.103893,fight_on
1651004419.203894,fight_on
1651004419.303908,fight_on
1651004419.4039092,fight_on
1651004419.5039098,fight_on
1651004419.6059022,fight_on
1651004419.705903,fight_on
1651004419.8059032,fight_on
1651004419.954968,fight_on
1651004420.054968,fight_on
1651004420.186037,fight_on
1651004420.286038,fight_on
1651004420.413644,fight_on
1651004420.5136452,fight_on
1651004420.640329,fight_on
1651004420.740329,fight_on
1651004420.851469,fight_on
1651004420.9514701,fight_on
1651004421.051471,fight_on
1651004421.1514711,fight_on
1651004421.2514718,fight_on
1651004421.3514721,fight_on
1651004421.451473,fight_on
1651004421.5514739,fight_on
1651004421.666013,fight_on
1651004421.7660139,fight_on
1651004421.8773508,fight_on
1651004421.977354,fight_on
1651004422.1034381,fight_on
1651004422.203439,fight_on
1651004422.3034391,fight_on
1651004422.4034402,fight_on
1651004422.503454,fight_on
1651004422.603455,fight_on
1651004422.706752,fight_on
1651004422.806753,fight_on
1651004422.979829,undetermined
1651004423.07983,undetermined
1651004423.17983,undetermined
1651004423.279831,undetermined
1651004423.379831,fight_on
1651004423.489845,fist
1651004423.5940008,fist
1651004423.694001,fist
1651004423.7940018,fist
1651004423.894002,fist
1651004423.994003,fist
1651004424.094004,fist
1651004424.194004,fist
1651004424.294005,fist
1651004424.394005,fist
1651004424.494006,fist
1651004424.594006,fist
1651004424.6940072,fist
1651004424.794008,fist
1651004424.8940082,fist
1651004424.994009,fist
1651004425.0940092,fist
1651004425.19401,fist
1651004425.2940102,fist
1651004425.3940108,fist
1651004425.494011,fist
1651004425.594012,fist
1651004425.6940129,fist
1651004425.794013,fist
1651004425.894014,fist
1651004425.994014,fist
1651004426.094015,fist
1651004426.194015,fist
1651004426.294016,fist
1651004426.394016,fist
1651004426.4940171,fist
1651004426.594018,fist
1651004426.6940181,fist
1651004426.794019,fist
1651004426.8940191,fist
1651004426.99402,fist
1651004427.0940201,fist
1651004427.1940212,fist
1651004427.2940218,fist
1651004427.394022,fist
1651004427.4940228,fist
1651004427.594023,fist
1651004427.6940238,fist
1651004427.794024,fist
1651004427.8940248,fist
1651004427.994025,fist
1651004428.094026,fist
1651004428.194027,fist
1651004428.294027,fist
1651004428.394028,fist
1651004428.494029,fist
1651004428.594032,undetermined
1651004428.703292,undetermined
1651004428.803338,undetermined
1651004428.903339,undetermined
1651004429.0033631,undetermined
1651004429.103364,undetermined
1651004429.2033641,undetermined
1651004429.3033652,fight_on
1651004429.4033659,fight_on
1651004429.503366,fight_on
1651004429.6088262,fight_on
1651004429.7088268,fight_on
1651004429.823835,fight_on
1651004429.923889,fight_on
1651004430.0304372,fight_on
1651004430.1304379,fight_on
1651004430.230438,fight_on
1651004430.3304389,fight_on
1651004430.44669,fight_on
1651004430.5466938,fight_on
1651004430.646694,fight_on
1651004430.746699,fight_on
1651004430.8467,fight_on
1651004430.9467,fight_on
1651004431.046701,fight_on
1651004431.146701,fight_on
1651004431.2467022,fight_on
1651004431.346703,fight_on
1651004431.476013,fight_on
1651004431.576013,fight_on
1651004431.6760142,fight_on
1651004431.776015,fight_on
1651004431.8760152,fight_on
1651004431.9760158,fight_on
1651004432.0760162,fight_on
1651004432.1760168,fight_on
1651004432.294857,fight_on
1651004432.394858,fight_on
1651004432.494858,fight_on
1651004432.594869,fight_on
1651004432.698996,fight_on
1651004432.798997,fight_on
1651004432.898997,fight_on
1651004432.998998,fight_on
1651004433.098998,fight_on
1651004433.198999,fight_on
1651004433.298999,fight_on
1651004433.3990002,fight_on
1651004433.499001,fight_on
1651004433.5990012,fight_on
1651004433.699002,undetermined
1651004433.7990022,undetermined
1651004433.8990028,undetermined
1651004433.999003,undetermined
1651004434.0990038,undetermined
1651004434.199004,undetermined
1651004434.299021,undetermined
1651004434.3990211,undetermined
1651004434.499022,fight_on
1651004434.606103,fist
1651004434.706995,undetermined
1651004434.8069959,fist
1651004434.906996,fist
1651004435.006997,fist
1651004435.106998,fist
1651004435.206998,fist
1651004435.306999,fist
1651004435.406999,fist
1651004435.507,fist
1651004435.607,fist
1651004435.707001,fist
1651004435.807001,fist
1651004435.9070022,fist
1651004436.0070028,fist
1651004436.107003,fist
1651004436.2070038,fist
1651004436.307004,fist
1651004436.4070048,fist
1651004436.507005,fist
1651004436.6070058,fist
1651004436.707006,fist
1651004436.807007,fist
1651004436.907008,fist
1651004437.007008,fist
1651004437.107009,fist
1651004437.207009,fist
1651004437.30701,fist
1651004437.40701,undetermined
1651004437.518775,fist
1651004437.6187751,fist
1651004437.718776,undetermined
1651004437.8187761,fist
1651004437.918777,fist
1651004438.0187771,fist
1651004438.1187782,fist
1651004438.2187788,fist
1651004438.322155,fist
1651004438.422156,fist
1651004438.522157,fist
1651004438.622157,fist
1651004438.7221582,fist
1651004438.822159,undetermined
1651004438.9221592,undetermined
1651004439.0221598,undetermined
1651004439.1221602,undetermined
1651004439.2221608,undetermined
1651004439.322161,undetermined
1651004439.4221618,undetermined
1651004439.522162,undetermined
1651004439.622163,four
1651004439.722164,fist
1651004439.823118,fist
1651004439.923118,fist
1651004440.0231192,fist
1651004440.12312,fist
1651004440.223121,fist
1651004440.323122,fist
1651004440.423123,fist
1651004440.523123,fist
1651004440.623124,fist
1651004440.723124,fist
1651004440.823125,fist
1651004440.923125,fist
1651004441.0231261,fist
1651004441.123127,fist
1651004441.2231271,undetermined
1651004441.323128,fist
1651004441.438247,undetermined
1651004441.5382478,fist
1651004441.638248,fist
1651004441.738249,fist
1651004441.8382568,fist
1651004441.938257,undetermined
1651004442.0382578,fist
1651004442.138258,fist
1651004442.2382588,undetermined
1651004442.338259,fist
1651004442.438281,fist
1651004442.538282,fist
1651004442.638282,fist
1651004442.738283,fist
1651004442.838283,fist
1651004442.938284,fist
1651004443.038284,fist
1651004443.138308,fist
1651004443.2383082,fist
1651004443.338309,fist
1651004443.4383092,fist
1651004443.5383098,four
1651004443.63831,undetermined
1651004443.7383108,undetermined
1651004443.838311,undetermined
1651004443.938312,undetermined
1651004444.038313,undetermined
1651004444.138313,undetermined
1651004444.238314,undetermined
1651004444.338314,undetermined
1651004444.438315,undetermined
1651004444.5383282,undetermined
1651004444.638329,fight_on
1651004444.746332,fight_on
1651004444.846333,fight_on
1651004444.946334,fight_on
1651004445.046334,fight_on
1651004445.146335,fight_on
1651004445.2469509,fight_on
1651004445.347232,fight_on
1651004445.447233,fight_on
1651004445.547233,fight_on
1651004445.647234,fight_on
1651004445.747234,fight_on
1651004445.856302,fight_on
1651004445.956331,fight_on
1651004446.0632288,fight_on
1651004446.163229,fight_on
1651004446.2632298,fight_on
1651004446.36324,fight_on
1651004446.4632409,fight_on
1651004446.563241,fight_on
1651004446.663242,fight_on
1651004446.764629,fight_on
1651004446.864629,fight_on
1651004446.9646301,fight_on
1651004447.080266,fight_on
1651004447.180267,fight_on
1651004447.280268,fight_on
1651004447.380268,fight_on
1651004447.480269,fight_on
1651004447.580269,fight_on
1651004447.6802702,fight_on
1651004447.780271,fight_on
1651004447.880285,fight_on
1651004447.9875991,fight_on
1651004448.0876002,fight_on
1651004448.2010581,fight_on
1651004448.301059,fight_on
1651004448.4010592,fight_on
1651004448.50106,fight_on
1651004448.6010602,fight_on
1651004448.701061,fight_on
1651004448.8010612,fight_on
1651004448.9010618,fight_on
1651004449.001062,fight_on
1651004449.101063,fight_on
1651004449.20107,fight_on
1651004449.3010712,undetermined
1651004449.401072,undetermined
1651004449.501073,undetermined
1651004449.601074,undetermined
1651004449.7010748,undetermined
1651004449.801075,undetermined
1651004449.901076,undetermined
1651004450.001077,undetermined
1651004450.101077,undetermined
1651004450.201078,undetermined
1651004450.301078,fight_on
1651004450.418879,fight_on
1651004450.520612,fight_on
1651004450.6206121,fight_on
1651004450.720613,fight_on
1651004450.8206131,fight_on
1651004450.920614,fight_on
1651004451.038521,fight_on
1651004451.1385212,fight_on
1651004451.24206,fight_on
1651004451.34206,fight_on
1651004451.442061,fight_on
1651004451.542061,undetermined
1651004451.6420622,fight_on
1651004451.751512,fight_on
1651004451.865161,fight_on
1651004451.965207,fight_on
1651004452.065208,fight_on
1651004452.170657,fight_on
1651004452.270657,fight_on
1651004452.370817,fight_on
1651004452.470817,fight_on
1651004452.571831,fight_on
1651004452.6718311,fist
1651004452.797206,fist
1651004452.897206,undetermined
1651004452.997213,fight_on
1651004453.0972211,fight_on
1651004453.197222,fight_on
1651004453.313785,fight_on
1651004453.4257228,fist
1651004453.559167,fist
1651004453.659167,fight_on
1651004453.759168,fight_on
1651004453.859213,fight_on
1651004453.959214,fist
1651004454.081972,fight_on
1651004454.181972,fight_on
1651004454.282422,fist
1651004454.382423,fight_on
1651004454.482423,undetermined
1651004454.61467,fight_on
1651004454.7146702,fight_on
1651004454.814671,fight_on
1651004454.91501,fist
1651004455.01501,four
1651004455.130729,undetermined
1651004455.23073,undetermined
1651004455.330731,undetermined
1651004455.430731,undetermined
1651004455.530732,four
1651004455.630732,undetermined
1651004455.735716,fist
1651004455.8357172,fist
1651004455.9357178,fist
1651004456.035718,fist
1651004456.1357188,fist
1651004456.235719,fist
1651004456.3357198,fist
1651004456.4357219,undetermined
1651004456.535722,fist
1651004456.65075,fist
1651004456.75075,undetermined
1651004456.850751,fist
1651004456.950751,fist
1651004457.050752,fist
1651004457.150752,undetermined
1651004457.256408,fist
1651004457.356429,fist
1651004457.4564302,fist
1651004457.556431,fist
1651004457.6564312,fist
1651004457.756534,fist
1651004457.856535,fist
1651004457.956535,fist
1651004458.056536,fist
1651004458.156536,undetermined
1651004458.2771,fist
1651004458.426823,fist
1651004458.529326,fist
1651004458.629326,fist
1651004458.7293272,fist
1651004458.8293278,fist
1651004458.929677,fist
1651004459.034581,fist
1651004459.134655,fist
1651004459.234656,fist
1651004459.334657,fist
1651004459.434657,fist
1651004459.534658,fist
1651004459.634658,fist
1651004459.734659,undetermined
1651004459.834659,undetermined
1651004459.9346602,undetermined
1651004460.051573,undetermined
1651004460.1515741,undetermined
1651004460.251575,undetermined
1651004460.3515751,undetermined
1651004460.451576,fight_on
1651004460.5515761,fight_on
1651004460.651577,fight_on
1651004460.7515771,undetermined
1651004460.851578,fight_on
1651004460.9515781,fight_on
1651004461.051579,fight_on
1651004461.1515799,fight_on
1651004461.25158,fight_on
1651004461.3515809,fight_on
1651004461.451581,fight_on
1651004461.5638762,fight_on
1651004461.711833,fight_on
1651004461.824971,fight_on
1651004461.924971,fight_on
1651004462.0759108,fight_on
1651004462.175911,fight_on
1651004462.330882,fight_on
1651004462.4308832,fight_on
1651004462.6071239,fight_on
1651004462.758307,fight_on
1651004462.8995972,fight_on
1651004463.0392802,fight_on
1651004463.184334,fight_on
1651004463.316449,fight_on
1651004463.4574962,undetermined
1651004463.5940511,fight_on
1651004463.694052,fight_on
1651004463.7940521,undetermined
1651004463.8940532,fight_on
1651004464.009058,undetermined
1651004464.1090581,undetermined
1651004464.209059,undetermined
1651004464.3090591,undetermined
1651004464.40906,undetermined
1651004464.5090601,four
1651004464.610795,fist
1651004464.712001,fist
1651004464.812002,fist
1651004464.912002,fist
1651004465.0120032,fist
1651004465.112004,fist
1651004465.2120042,fist
1651004465.312005,fist
1651004465.412012,fist
1651004465.512013,fist
1651004465.612013,fist
1651004465.7120142,fist
1651004465.81202,fist
1651004465.912021,fist
1651004466.012021,fist
1651004466.112022,fist
1651004466.212022,fist
1651004466.312023,fist
1651004466.412218,fist
1651004466.512219,fist
1651004466.612229,fist
1651004466.71223,fist
1651004466.8122308,fist
1651004466.912231,fist
1651004467.0122318,fist
1651004467.112232,fist
1651004467.212233,fist
1651004467.312234,fist
1651004467.412234,fist
1651004467.512235,fist
1651004467.612235,fist
1651004467.724731,fist
1651004467.8247318,fist
1651004467.924732,fist
1651004468.0247328,fist
1651004468.124733,fist
1651004468.224734,fist
1651004468.3365078,fist
1651004468.436508,fist
1651004468.536509,undetermined
1651004468.63651,fist
1651004468.73651,fist
1651004468.836511,fist
1651004468.936511,fist
1651004469.036512,fist
1651004469.136512,fist
1651004469.236521,fist
1651004469.336522,fist
1651004469.436523,fist
1651004469.584509,undetermined
1651004469.684509,undetermined
1651004469.78451,undetermined
1651004469.884511,undetermined
1651004469.984512,undetermined
1651004470.084513,undetermined
1651004470.184513,undetermined
1651004470.284514,undetermined
1651004470.384514,fist
1651004470.4852889,fist
1651004470.585289,fist
1651004470.68529,fist
1651004470.785291,fist
1651004470.885291,undetermined
1651004470.985292,fist
1651004471.086978,fist
1651004471.186978,undetermined
1651004471.286979,undetermined
1651004471.386979,fist
1651004471.4930828,fist
1651004471.5954392,fist
1651004471.695616,undetermined
1651004471.795617,fist
1651004471.895618,fist
1651004471.995627,fist
1651004472.095627,fist
1651004472.195628,undetermined
1651004472.295732,fist
1651004472.3957329,fist
1651004472.495733,fist
1651004472.5957341,fist
1651004472.695735,fist
1651004472.7969012,fist
1651004472.8969018,fist
1651004472.999106,fist
1651004473.099106,fist
1651004473.1991072,fist
1651004473.299108,fist
1651004473.3991082,fist
1651004473.502214,fist
1651004473.6022148,fist
1651004473.704027,fist
1651004473.8040278,fist
1651004473.904028,fist
1651004474.004029,fist
1651004474.10403,fist
1651004474.20403,fist
1651004474.304031,fist
1651004474.404031,fist
1651004474.504032,fist
1651004474.604032,fist
1651004474.7040331,undetermined
1651004474.804034,undetermined
1651004474.9040341,undetermined
1651004475.004035,undetermined
1651004475.1040351,undetermined
1651004475.204036,zero
1651004475.3040361,fight_on
1651004475.405967,fight_on
1651004475.5059671,fight_on
1651004475.638418,fight_on
1651004475.738419,fight_on
1651004475.854487,fight_on
1651004475.954487,fight_on
1651004476.061339,fight_on
1651004476.16134,fight_on
1651004476.293889,fight_on
1651004476.424926,fight_on
1651004476.524927,fight_on
1651004476.624927,fight_on
1651004476.755318,fight_on
1651004476.881668,fight_on
1651004477.009546,fight_on
1651004477.1427991,fight_on
1651004477.274362,fight_on
1651004477.378436,fight_on
1651004477.536159,fight_on
1651004477.6802409,fight_on
1651004477.809039,fight_on
1651004477.9090402,fight_on
1651004478.009345,fight_on
1651004478.1119611,fight_on
1651004478.243669,fight_on
1651004478.3436701,fight_on
1651004478.4446132,fight_on
1651004478.5446138,fight_on
1651004478.663451,fight_on
1651004478.7634518,fight_on
1651004478.863452,fight_on
1651004478.967048,fight_on
1651004479.067049,fight_on
1651004479.167409,fight_on
1651004479.268485,fight_on
1651004479.3684852,fight_on
1651004479.4684858,fight_on
1651004479.568486,fight_on
1651004479.6684868,fight_on
1651004479.7859478,fight_on
1651004479.886587,fight_on
1651004479.986588,fight_on
1651004480.0865889,fight_on
1651004480.186589,fight_on
1651004480.2865899,fight_on
1651004480.3877308,undetermined
1651004480.506357,undetermined
1651004480.606357,undetermined
1651004480.7064111,undetermined
1651004480.8122602,undetermined
1651004480.912261,undetermined
1651004481.0122612,fist
1651004481.1397362,fist
1651004481.239737,fist
1651004481.3397372,fist
1651004481.439738,fist
1651004481.5397382,fist
1651004481.6397388,fist
1651004481.739739,fist
1651004481.8397398,fist
1651004481.93974,fist
1651004482.039741,fist
1651004482.157542,undetermined
1651004482.2677498,fist
1651004482.36775,fist
1651004482.467751,fist
1651004482.567752,fist
1651004482.667752,undetermined
1651004482.767753,fist
1651004482.867753,fist
1651004482.967754,fist
1651004483.067754,undetermined
1651004483.180939,fist
1651004483.280939,fist
1651004483.38094,fist
1651004483.48094,fist
1651004483.580941,fist
1651004483.680941,fist
1651004483.784048,fist
1651004483.915412,fist
1651004484.018137,fist
1651004484.1181371,fist
1651004484.2181382,undetermined
1651004484.341929,fist
1651004484.446784,undetermined
1651004484.546785,undetermined
1651004484.647608,undetermined
1651004484.7476091,undetermined
1651004484.84761,undetermined
1651004484.963157,undetermined
1651004485.063157,fight_on
1651004485.203684,fight_on
1651004485.3036852,fight_on
1651004485.4036858,fight_on
1651004485.515869,fight_on
1651004485.615869,fight_on
1651004485.760027,fight_on
1651004485.86087,fight_on
1651004485.961761,fight_on
1651004486.08881,undetermined
1651004486.2218602,fight_on
1651004486.321861,fight_on
1651004486.4218612,fight_on
1651004486.5525482,fight_on
1651004486.6937962,fight_on
1651004486.793797,fight_on
1651004486.8937972,fight_on
1651004487.0103831,fight_on
1651004487.1103842,fight_on
1651004487.2103848,fight_on
1651004487.344584,fight_on
1651004487.4445848,fight_on
1651004487.550515,fight_on
1651004487.650516,undetermined
1651004487.787256,fight_on
1651004487.89089,fight_on
1651004487.99089,undetermined
1651004488.0908911,fight_on
1651004488.190892,fight_on
1651004488.2908921,fight_on
1651004488.390893,fight_on
1651004488.5042949,fight_on
1651004488.604295,fight_on
1651004488.7042959,fight_on
1651004488.8277,fight_on
1651004488.9277,fight_on
1651004489.0518641,fight_on
1651004489.152755,fight_on
1651004489.2527559,fight_on
1651004489.3813078,fight_on
1651004489.481308,undetermined
1651004489.5881972,undetermined
1651004489.6881979,undetermined
1651004489.788198,undetermined
1651004489.8881989,undetermined
1651004489.988199,four
1651004490.0881999,fist
1651004490.193674,fist
1651004490.295347,fist
1651004490.395348,fist
1651004490.495349,undetermined
1651004490.595349,undetermined
1651004490.69535,fist
1651004490.804794,fist
1651004490.9047942,fist
1651004491.0047948,fist
1651004491.10483,undetermined
1651004491.238715,fist
1651004491.342465,undetermined
1651004491.443702,undetermined
1651004491.5437021,undetermined
1651004491.645696,undetermined
1651004491.768299,undetermined
1651004491.868726,fist
1651004491.968727,fist
1651004492.0969741,fist
1651004492.196975,fist
1651004492.298476,fist
1651004492.3984761,fist
1651004492.498477,fist
1651004492.5984771,fist
1651004492.698478,fist
1651004492.8369331,fist
1651004492.94678,fist
1651004493.0467808,fist
1651004493.153697,fist
1651004493.253698,fist
1651004493.354466,fist
1651004493.45548,fist
1651004493.5554812,fist
1651004493.655482,fist
1651004493.7554822,fist
1651004493.8554828,fist
1651004493.9555368,fist
1651004494.055537,fist
1651004494.18367,fist
1651004494.2836711,fist
1651004494.383672,fist
1651004494.4836721,fist
1651004494.600103,fist
1651004494.707362,fist
1651004494.807362,fist
1651004494.907378,fist
1651004495.007379,fist
1651004495.10738,fist
1651004495.207387,undetermined
1651004495.307391,undetermined
1651004495.407391,undetermined
1651004495.507396,undetermined
1651004495.607404,undetermined
1651004495.7074041,undetermined
1651004495.807405,undetermined
1651004495.920038,fist
1651004496.0200388,fist
1651004496.120039,fist
1651004496.2200398,fist
1651004496.326617,fist
1651004496.4266171,fist
1651004496.526618,fist
1651004496.6266181,fist
1651004496.7266188,fist
1651004496.826619,fist
1651004496.92662,fist
1651004497.0266209,fist
1651004497.126621,fist
1651004497.2266219,fist
1651004497.326622,fist
1651004497.434688,fist
1651004497.58592,fist
1651004497.685921,fist
1651004497.785921,fist
1651004497.885922,fist
1651004497.985922,fist
1651004498.085923,fist
1651004498.185923,fist
1651004498.2859242,fist
1651004498.385925,fist
1651004498.4859252,fist
1651004498.5859258,fist
1651004498.685926,fist
1651004498.78597,fist
1651004498.8859708,fist
1651004498.985971,fist
1651004499.085972,fist
1651004499.185973,fist
1651004499.285973,fist
1651004499.385974,fist
1651004499.485974,fist
1651004499.585975,fist
1651004499.685975,fist
1651004499.7859762,fist
1651004499.885977,fist
1651004499.9859772,fist
1651004500.085988,fist
1651004500.1859882,fist
1651004500.285989,fist
1651004500.3859892,fist
1651004500.4861782,fist
1651004500.586179,fist
1651004500.6861792,fist
1651004500.78618,fist
1651004500.8861802,fist
1651004500.986181,fist
1651004501.0861812,fist
1651004501.1861818,fist
1651004501.286182,fist
1651004501.410104,fist
1651004501.5101042,fist
1651004501.610105,fist
1651004501.7101052,fist
1651004501.810106,fist
1651004501.9101062,fist
1651004502.0101068,fist
1651004502.110107,fist
1651004502.210112,fist
1651004502.310113,fist
1651004502.410113,fist
1651004502.5244641,fist
1651004502.624465,fist
1651004502.7244658,fist
1651004502.824466,fist
1651004502.924557,fist
1651004503.024557,fist
1651004503.124558,fist
1651004503.224558,fist
1651004503.3245592,fist
1651004503.42456,fist
1651004503.524561,undetermined
1651004503.6423712,undetermined
1651004503.742372,undetermined
1651004503.8423722,undetermined
1651004503.942373,undetermined
1651004504.042378,undetermined
1651004504.142378,undetermined
1651004504.242379,fight_on
1651004504.342379,fight_on
1651004504.474894,fight_on
1651004504.5748942,fight_on
1651004504.716005,fight_on
1651004504.8160052,fight_on
1651004504.9160058,fight_on
1651004505.067866,fight_on
1651004505.1979468,fight_on
1651004505.325875,fight_on
1651004505.4580202,fight_on
1651004505.558021,fight_on
1651004505.682273,fight_on
1651004505.830501,fight_on
1651004505.9305012,fight_on
1651004506.0791612,fight_on
1651004506.179178,fight_on
1651004506.3228002,fight_on
1651004506.4529269,fight_on
1651004506.586066,fight_on
1651004506.6860669,fight_on
1651004506.786067,fight_on
1651004506.913878,fight_on
1651004507.04456,fight_on
1651004507.173065,fight_on
1651004507.3073971,fight_on
1651004507.439313,fight_on
1651004507.568806,fight_on
1651004507.710253,fight_on
1651004507.870741,fight_on
1651004508.0120451,fight_on
1651004508.141386,fight_on
1651004508.273219,fight_on
1651004508.403473,fist
1651004508.5375621,fight_on
1651004508.637563,fight_on
1651004508.76207,fight_on
1651004508.86207,undetermined
1651004508.962071,undetermined
1651004509.062072,undetermined
1651004509.1620722,four
1651004509.262073,fight_on
1651004509.3620732,undetermined
1651004509.462074,fist
1651004509.5620742,fist
1651004509.6620748,fist
1651004509.762075,fist
1651004509.8620758,fist
1651004509.962076,fist
1651004510.062077,fist
1651004510.162245,fist
1651004510.2622452,fist
1651004510.3622458,fist
1651004510.462246,fist
1651004510.5622468,fist
1651004510.662247,fist
1651004510.762248,fist
1651004510.862255,fist
1651004510.962256,fist
1651004511.062256,fist
1651004511.162257,fist
1651004511.2622578,fist
1651004511.362258,fist
1651004511.462259,fist
1651004511.56226,fist
1651004511.66226,fist
1651004511.762261,fist
1651004511.862261,fist
1651004511.962262,fist
1651004512.062262,fist
1651004512.1622632,fist
1651004512.262264,fist
1651004512.3622642,fist
1651004512.462265,fist
1651004512.5622652,fist
1651004512.662266,fist
1651004512.7622662,fist
1651004512.8622668,fist
1651004512.9622998,fist
1651004513.0623,fist
1651004513.1623008,fist
1651004513.262301,four
1651004513.362302,undetermined
1651004513.462303,undetermined
1651004513.562303,undetermined
1651004513.662411,undetermined
1651004513.762411,undetermined
1651004513.862412,undetermined
1651004513.962412,undetermined
1651004514.062413,undetermined
1651004514.1624131,undetermined
1651004514.262414,fight_on
1651004514.36344,fight_on
1651004514.463441,undetermined
1651004514.593007,fight_on
1651004514.693008,fight_on
1651004514.793008,fight_on
1651004514.931701,fight_on
1651004515.0662231,fight_on
1651004515.199145,fight_on
1651004515.299825,fight_on
1651004515.4005492,fight_on
1651004515.5005498,fight_on
1651004515.60055,fight_on
1651004515.7005508,fight_on
1651004515.800575,fight_on
1651004515.923569,fight_on
1651004516.0235698,fight_on
1651004516.1822422,fight_on
1651004516.3182201,fight_on
1651004516.418221,fight_on
1651004516.54622,fight_on
1651004516.68781,fight_on
1651004516.839422,fight_on
1651004516.939423,fight_on
1651004517.083758,fight_on
1651004517.213923,fight_on
1651004517.3426938,fight_on
1651004517.474349,undetermined
1651004517.5743492,undetermined
1651004517.67435,undetermined
1651004517.7743502,undetermined
1651004517.874351,undetermined
1651004517.9743512,undetermined
1651004518.074352,undetermined
1651004518.174353,undetermined
1651004518.274354,undetermined
1651004518.3743548,undetermined
1651004518.474355,fight_on
1651004518.595168,fight_on
1651004518.695898,fight_on
1651004518.800123,fight_on
1651004518.930413,fight_on
1651004519.0304132,fight_on
1651004519.130414,fight_on
1651004519.257029,fight_on
1651004519.3570292,fight_on
1651004519.4873059,fight_on
1651004519.619592,fight_on
1651004519.756513,undetermined
1651004519.886338,fight_on
1651004519.9863381,fight_on
1651004520.1173491,fight_on
1651004520.21735,fight_on
1651004520.3388338,fight_on
1651004520.4866638,fight_on
1651004520.646654,fight_on
1651004520.7824872,fight_on
1651004520.912797,fight_on
1651004521.042956,fight_on
1651004521.142957,fight_on
1651004521.242957,fight_on
1651004521.342958,fight_on
1651004521.442958,fight_on
1651004521.5429592,fight_on
1651004521.6586628,fight_on
1651004521.758663,fight_on
1651004521.858664,fight_on
1651004521.984469,undetermined
1651004522.084469,undetermined
1651004522.18447,undetermined
1651004522.28447,undetermined
1651004522.384471,undetermined
1651004522.484471,four
1651004522.5844722,fist
1651004522.684473,fist
1651004522.826314,fist
1651004522.926315,fist
1651004523.026316,fist
1651004523.126316,fist
1651004523.2263172,fist
1651004523.326318,fist
1651004523.4263182,fist
1651004523.526319,fist
1651004523.6263192,fist
1651004523.726326,fist
1651004523.8263261,fist
1651004523.926327,fist
1651004524.026328,fist
1651004524.1263292,fist
1651004524.22633,fist
1651004524.3263302,fist
1651004524.434497,undetermined
1651004524.536083,fist
1651004524.636084,fist
1651004524.736085,fist
1651004524.8413508,fist
1651004524.941351,fist
1651004525.041352,fist
1651004525.141353,fist
1651004525.244936,fist
1651004525.345899,fist
1651004525.4459,fist
1651004525.5459032,fist
1651004525.6459038,fist
1651004525.746337,fist
1651004525.846337,fist
1651004525.946338,fist
1651004526.046338,fist
1651004526.1463392,fist
1651004526.24634,fist
1651004526.3463402,fist
1651004526.4464262,fist
1651004526.5464268,undetermined
1651004526.6503968,fist
1651004526.750397,fist
1651004526.850398,fist
1651004526.950399,fist
1651004527.050399,fist
1651004527.1504,fist
1651004527.2504,fist
1651004527.350401,fist
1651004527.450401,fist
1651004527.5504022,undetermined
1651004527.650403,undetermined
1651004527.7504032,undetermined
1651004527.850404,undetermined
1651004527.9504042,undetermined
1651004528.050405,undetermined
1651004528.1504052,undetermined
1651004528.2504058,undetermined
1651004528.350406,undetermined
1651004528.450407,undetermined
1651004528.550408,four
1651004528.650408,fight_on
1651004528.7609448,fight_on
1651004528.875176,fight_on
1651004528.975177,fight_on
1651004529.097574,fight_on
1651004529.198057,fight_on
1651004529.298058,fight_on
1651004529.402136,fight_on
1651004529.5021372,fist
1651004529.611833,fight_on
1651004529.7118342,undetermined
1651004529.815858,fight_on
1651004529.915858,fight_on
1651004530.015859,fight_on
1651004530.115859,fight_on
1651004530.240716,fight_on
1651004530.377296,fight_on
1651004530.477387,fight_on
1651004530.6042671,fight_on
1651004530.705875,fight_on
1651004530.808523,fight_on
1651004530.9091341,fight_on
1651004531.009135,fight_on
1651004531.1091352,fight_on
1651004531.209136,fight_on
1651004531.3091369,fight_on
1651004531.409137,fight_on
1651004531.570501,undetermined
1651004531.6705012,undetermined
1651004531.7705019,undetermined
1651004531.870502,undetermined
1651004531.9705029,undetermined
1651004532.070503,undetermined
1651004532.1705039,undetermined
1651004532.271404,undetermined
1651004532.372237,undetermined
1651004532.472499,fist
1651004532.572499,fist
1651004532.683896,fist
1651004532.7838972,fist
1651004532.883898,fist
1651004532.9838982,fist
1651004533.0838988,fist
1651004533.210561,fist
1651004533.321909,fist
1651004533.449991,fist
1651004533.5499918,fist
1651004533.649992,fist
1651004533.7499928,undetermined
1651004533.8505569,fist
1651004533.989828,fist
1651004534.0898292,fist
1651004534.199782,fist
1651004534.299783,fist
1651004534.3997838,fist
1651004534.499784,fist
1651004534.599791,fist
1651004534.6997912,undetermined
1651004534.828981,fist
1651004534.928981,fist
1651004535.028982,fist
1651004535.130902,fist
1651004535.2309031,fist
1651004535.330904,fist
1651004535.430908,fist
1651004535.5315058,undetermined
1651004535.650781,fist
1651004535.750782,fist
1651004535.8507829,fist
1651004535.950783,fist
1651004536.0508428,fist
1651004536.150843,fist
1651004536.250844,fist
1651004536.3508449,fist
1651004536.450845,fist
1651004536.5508459,undetermined
1651004536.650846,undetermined
1651004536.7508469,undetermined
1651004536.850847,undetermined
1651004536.950848,undetermined
1651004537.050849,undetermined
1651004537.150849,undetermined
1651004537.25085,undetermined
1651004537.35085,undetermined
1651004537.450851,undetermined
1651004537.550851,undetermined
1651004537.6508522,undetermined
1651004537.751177,fight_on
1651004537.9017642,fight_on
1651004538.001765,fight_on
1651004538.132409,fight_on
1651004538.2324102,fight_on
1651004538.3419058,fight_on
1651004538.450876,fight_on
1651004538.5508769,fight_on
1651004538.693483,fight_on
1651004538.793484,fight_on
1651004538.893484,undetermined
1651004538.993485,fight_on
1651004539.093485,fight_on
1651004539.193486,fight_on
1651004539.293486,fight_on
1651004539.418261,fight_on
1651004539.5547252,fight_on
1651004539.686217,fight_on
1651004539.819903,fight_on
1651004539.950561,fight_on
1651004540.082837,fight_on
1651004540.211276,fight_on
1651004540.3492281,fight_on
1651004540.477895,fight_on
1651004540.6108391,fight_on
1651004540.738554,fight_on
1651004540.877275,fight_on
1651004541.000694,fight_on
1651004541.132191,fight_on
1651004541.262963,fight_on
1651004541.403321,fight_on
1651004541.5355341,fight_on
1651004541.666875,fight_on
1651004541.80159,fight_on
1651004541.930082,fight_on
1651004542.061261,fight_on
1651004542.190418,fight_on
1651004542.32571,fight_on
1651004542.425855,fight_on
1651004542.556215,fight_on
1651004542.6891131,undetermined
1651004542.789114,undetermined
1651004542.8891141,undetermined
1651004542.9891148,undetermined
1651004543.089115,undetermined
1651004543.189116,undetermined
1651004543.2891169,undetermined
1651004543.389117,undetermined
1651004543.4891179,undetermined
1651004543.589118,fist
1651004543.6891189,fist
1651004543.789119,fist
1651004543.88912,fist
1651004543.989121,fist
1651004544.089121,fist
1651004544.189122,fist
1651004544.289122,fist
1651004544.389123,fist
1651004544.489123,fist
1651004544.5891242,fist
1651004544.689125,fist
1651004544.7891252,undetermined
1651004544.9009202,fist
1651004545.000921,fist
1651004545.1009212,fist
1651004545.200922,fist
1651004545.3009222,fist
1651004545.4009228,undetermined
1651004545.518836,fist
1651004545.6188369,fist
1651004545.718837,fist
1651004545.8188381,fist
1651004545.918839,fist
1651004546.0188391,fist
1651004546.11884,fist
1651004546.2188401,fist
1651004546.318841,fist
1651004546.4188411,fist
1651004546.5188422,fist
1651004546.6188428,fist
1651004546.718843,fist
1651004546.8188438,fist
1651004546.918855,fist
1651004547.018856,fist
1651004547.118857,fist
1651004547.218857,undetermined
1651004547.334291,undetermined
1651004547.434292,undetermined
1651004547.534293,undetermined
1651004547.634293,undetermined
1651004547.734294,undetermined
1651004547.834294,undetermined
1651004547.934295,fight_on
1651004548.034295,fight_on
1651004548.16379,fight_on
1651004548.2637901,fist
1651004548.387412,fight_on
1651004548.487413,fight_on
1651004548.622915,fight_on
1651004548.7548769,fight_on
1651004548.901929,fight_on
1651004549.056826,fight_on
1651004549.189852,fight_on
1651004549.320626,fight_on
1651004549.444179,fight_on
1651004549.582779,fight_on
1651004549.7155688,fight_on
1651004549.8530822,fight_on
1651004549.980034,fight_on
1651004550.1114209,fight_on
1651004550.240308,fight_on
1651004550.382097,fight_on
1651004550.532817,fight_on
1651004550.667392,fight_on
1651004550.801492,four
1651004550.904735,undetermined
1651004551.004736,undetermined
1651004551.104736,undetermined
1651004551.204737,undetermined
1651004551.304737,four
1651004551.4277241,undetermined
1651004551.527725,undetermined
1651004551.6277251,fist
1651004551.727726,fist
1651004551.8277261,fist
1651004551.9277272,fist
1651004552.0277278,fist
1651004552.1277282,fist
1651004552.2277288,fist
1651004552.327729,fist
1651004552.4277298,fist
1651004552.52773,fist
1651004552.6277308,fist
1651004552.727731,undetermined
1651004552.827732,fist
1651004552.927733,fist
1651004553.027733,fist
1651004553.127734,fist
1651004553.227734,fist
1651004553.327735,fist
1651004553.427735,fist
1651004553.527736,fist
1651004553.627736,fist
1651004553.7277372,fist
1651004553.828089,fist
1651004553.9280891,fist
1651004554.02809,fist
1651004554.1280901,fist
1651004554.2280908,fist
1651004554.328094,fist
1651004554.4280949,fist
1651004554.528095,fist
1651004554.628096,fist
1651004554.728097,fist
1651004554.828097,fist
1651004554.928098,fist
1651004555.028098,fist
1651004555.128099,fist
1651004555.228111,undetermined
1651004555.3281112,undetermined
1651004555.4281118,undetermined
1651004555.5281122,undetermined
1651004555.6281128,undetermined
1651004555.728113,undetermined
1651004555.828114,fight_on
1651004555.9633029,fight_on
1651004556.063306,fight_on
1651004556.182994,fight_on
1651004556.3171399,fight_on
1651004556.41714,fight_on
1651004556.5427358,fight_on
1651004556.6427362,fight_on
1651004556.770795,fight_on
1651004556.8707998,fight_on
1651004557.0008252,fight_on
1651004557.100826,fight_on
1651004557.2276428,fight_on
1651004557.371058,fight_on
1651004557.503415,fight_on
1651004557.631679,fight_on
1651004557.7672782,fight_on
1651004557.912649,fight_on
1651004558.0679932,fight_on
1651004558.194744,fight_on
1651004558.325525,fight_on
1651004558.456414,fight_on
1651004558.589151,fight_on
1651004558.7268422,fight_on
1651004558.8632572,fight_on
1651004558.988959,undetermined
1651004559.08896,undetermined
1651004559.18896,undetermined
1651004559.288961,undetermined
1651004559.388961,four
1651004559.48948,fist
1651004559.5894809,fist
1651004559.689481,fist
1651004559.7894819,fist
1651004559.889482,fist
1651004559.989483,fist
1651004560.089484,fist
1651004560.1894872,fist
1651004560.290424,fist
1651004560.3904252,fist
1651004560.490426,fist
1651004560.590427,fist
1651004560.690428,fist
1651004560.7904289,fist
1651004560.890429,undetermined
1651004560.9904299,fist
1651004561.09043,fist
1651004561.1904309,fist
1651004561.290431,fist
1651004561.390432,fist
1651004561.490432,fist
1651004561.5904331,fist
1651004561.690434,fist
1651004561.7904341,fist
1651004561.890435,fist
1651004561.9904351,fist
1651004562.090436,fist
1651004562.1904361,fist
1651004562.2904372,fist
1651004562.3904378,fist
1651004562.4905112,fist
1651004562.590512,fist
1651004562.690513,fist
1651004562.790514,fist
1651004562.893356,fist
1651004562.993357,fist
1651004563.093357,fist
1651004563.1933582,fist
1651004563.293359,fist
1651004563.3933592,undetermined
1651004563.512269,fist
1651004563.6122692,fist
1651004563.71227,fist
1651004563.8122702,fist
1651004563.949286,fist
1651004564.0492868,fist
1651004564.149289,fist
1651004564.249289,fist
1651004564.34929,undetermined
1651004564.44929,undetermined
1651004564.549291,undetermined
1651004564.649291,undetermined
1651004564.7492921,undetermined
1651004564.849293,undetermined
1651004564.9492931,undetermined
1651004565.049294,undetermined
1651004565.1492941,fight_on
1651004565.293001,fight_on
1651004565.393002,fight_on
1651004565.521419,fight_on
1651004565.6214201,fight_on
1651004565.743459,fight_on
1651004565.8434591,fight_on
1651004566.01647,fight_on
1651004566.11647,fight_on
1651004566.248323,fight_on
1651004566.348323,fight_on
1651004566.4483242,fight_on
1651004566.582984,fight_on
1651004566.682985,fight_on
1651004566.805931,fight_on
1651004566.911614,fight_on
1651004567.0435898,fight_on
1651004567.14359,fight_on
1651004567.2644842,fight_on
1651004567.365848,fight_on
1651004567.5067809,fight_on
1651004567.606781,fight_on
1651004567.72915,fight_on
1651004567.868643,undetermined
1651004567.9958029,fight_on
1651004568.095804,undetermined
1651004568.195831,undetermined
1651004568.2958322,undetermined
1651004568.395833,undetermined
1651004568.4958332,undetermined
1651004568.595834,four
1651004568.6958342,fist
1651004568.7958348,fist
1651004568.895835,fist
1651004568.995836,fist
1651004569.0958369,fist
1651004569.195837,fist
1651004569.2958379,fist
1651004569.395838,fist
1651004569.4958389,fist
1651004569.595839,fist
1651004569.69584,fist
1651004569.79584,fist
1651004569.8958411,fist
1651004569.995842,fist
1651004570.1110458,fist
1651004570.211046,fist
1651004570.3110468,fist
1651004570.411047,fist
1651004570.515383,fist
1651004570.632521,fist
1651004570.732521,fist
1651004570.832522,fist
1651004570.932522,fist
1651004571.032523,fist
1651004571.132523,fist
1651004571.232524,fist
1651004571.332524,fist
1651004571.4325252,fist
1651004571.532526,fist
1651004571.6325262,fist
1651004571.732527,fist
1651004571.832565,fist
1651004571.932566,fist
1651004572.081871,fist
1651004572.211757,fist
1651004572.311757,undetermined
1651004572.421032,undetermined
1651004572.521033,undetermined
1651004572.621034,undetermined
1651004572.721034,undetermined
1651004572.821035,undetermined
1651004572.921916,undetermined
1651004573.0219169,four
1651004573.121917,fist
1651004573.223756,fist
1651004573.3237572,fist
1651004573.423758,fist
1651004573.5237582,fist
1651004573.623759,fist
1651004573.7237592,fist
1651004573.8237598,undetermined
1651004573.9237602,undetermined
1651004574.023765,fist
1651004574.123766,fist
1651004574.223766,undetermined
1651004574.323767,fist
1651004574.4237702,fist
1651004574.5237708,fist
1651004574.623771,fist
1651004574.7237718,fist
1651004574.823772,fist
1651004574.9237728,fist
1651004575.023795,fist
1651004575.123795,fist
1651004575.223796,fist
1651004575.323796,fist
1651004575.423797,fist
1651004575.523797,fist
1651004575.6237981,fist
1651004575.723799,fist
1651004575.8237991,fist
1651004575.9238,fist
1651004576.0238001,fist
1651004576.123801,undetermined
1651004576.2238011,undetermined
1651004576.323802,undetermined
1651004576.4238021,undetermined
1651004576.523803,undetermined
1651004576.6238039,undetermined
1651004576.723804,undetermined
1651004576.8238049,undetermined
1651004576.923805,fight_on
1651004577.048102,fight_on
1651004577.205863,fight_on
1651004577.3058639,fist
1651004577.433482,fist
1651004577.533482,undetermined
1651004577.633483,fight_on
1651004577.733483,fight_on
1651004577.871726,fight_on
1651004578.03681,fight_on
1651004578.1720672,fight_on
1651004578.294505,fight_on
1651004578.426697,fight_on
1651004578.536919,fight_on
1651004578.686769,fight_on
1651004578.822013,fight_on
1651004578.922013,fight_on
1651004579.022014,fight_on
1651004579.122472,fight_on
1651004579.247835,fight_on
1651004579.347836,fight_on
1651004579.47134,fight_on
1651004579.57134,fight_on
1651004579.67954,fight_on
1651004579.77954,fight_on
1651004579.9129112,fight_on
1651004580.012912,fight_on
1651004580.139638,fight_on
1651004580.239638,fight_on
1651004580.36479,fight_on
1651004580.46479,fight_on
1651004580.5951118,fight_on
1651004580.695112,fight_on
1651004580.80043,fight_on
1651004580.9004312,fight_on
1651004581.000432,fight_on
1651004581.1004329,fight_on
1651004581.230252,fight_on
1651004581.3302531,fight_on
1651004581.435298,fight_on
1651004581.535298,undetermined
1651004581.645931,undetermined
1651004581.745932,undetermined
1651004581.845933,undetermined
1651004581.945933,undetermined
1651004582.045934,undetermined
1651004582.145934,undetermined
1651004582.2459352,undetermined
1651004582.3459358,undetermined
1651004582.445944,undetermined
1651004582.5459452,undetermined
1651004582.645946,fight_on
1651004582.787344,fight_on
1651004582.915443,fight_on
1651004583.055923,fight_on
1651004583.155924,fight_on
1651004583.304636,fight_on
1651004583.4360452,fight_on
1651004583.5690932,fight_on
1651004583.6690938,fight_on
1651004583.805025,fight_on
1651004583.946974,fight_on
1651004584.093121,fight_on
1651004584.224633,fight_on
1651004584.364265,fight_on
1651004584.498239,fight_on
1651004584.626873,fight_on
1651004584.7594502,fight_on
1651004584.8594508,fight_on
1651004584.995889,fight_on
1651004585.1244428,fight_on
1651004585.261128,fight_on
1651004585.420383,fight_on
1651004585.553812,fight_on
1651004585.685548,fight_on
1651004585.786628,fight_on
1651004585.920226,fight_on
1651004586.04945,fight_on
1651004586.181508,fight_on
1651004586.315131,fight_on
1651004586.4490979,four
1651004586.549098,undetermined
1651004586.649099,undetermined
1651004586.7491,undetermined
1651004586.8491,undetermined
1651004586.949101,undetermined
1651004587.049101,four
1651004587.16588,undetermined
1651004587.26588,fist
1651004587.3658812,fist
1651004587.465882,undetermined
1651004587.5694258,fist
1651004587.669426,fist
1651004587.769427,fist
1651004587.869428,fist
1651004587.969428,fist
1651004588.069429,fist
1651004588.169429,undetermined
1651004588.26943,fist
1651004588.36943,fist
1651004588.469475,fist
1651004588.569503,fist
1651004588.669504,fist
1651004588.769504,fist
1651004588.869505,fist
1651004588.969505,fist
1651004589.069506,fist
1651004589.169506,fist
1651004589.2695072,fist
1651004589.369508,fist
1651004589.4695082,fist
1651004589.569509,fist
1651004589.6695092,fist
1651004589.7695098,undetermined
1651004589.875297,fist
1651004589.9752982,undetermined
1651004590.075299,fist
1651004590.1752992,fist
1651004590.2753,fist
1651004590.3753002,fist
1651004590.475307,fist
1651004590.575308,fist
1651004590.675309,fist
1651004590.775309,fist
1651004590.8753102,undetermined
1651004590.996568,fist
1651004591.096568,undetermined
1651004591.1965692,fist
1651004591.29657,four
1651004591.3967319,undetermined
1651004591.496732,undetermined
1651004591.5967329,undetermined
1651004591.696733,undetermined
1651004591.7967339,undetermined
1651004591.896734,undetermined
1651004591.9967349,undetermined
1651004592.096735,undetermined
1651004592.196736,undetermined
1651004592.2967381,undetermined
1651004592.396739,undetermined
1651004592.49691,undetermined
1651004592.5969129,fist
1651004592.71471,fist
1651004592.814711,fist
1651004592.914712,fist
1651004593.014712,fist
1651004593.1147132,fist
1651004593.214714,fist
1651004593.3147142,fist
1651004593.4147148,fist
1651004593.514729,fist
1651004593.61473,fist
1651004593.71473,fist
1651004593.8147311,fist
1651004593.914732,fist
1651004594.0147321,fist
1651004594.114733,fist
1651004594.2147331,fist
1651004594.314734,fist
1651004594.431505,fist
1651004594.5315058,fist
1651004594.631521,fist
1651004594.7358952,fist
1651004594.835896,fist
1651004594.9358962,fist
1651004595.035897,fist
1651004595.1358972,fist
1651004595.235898,fist
1651004595.374969,fist
1651004595.4749691,fist
1651004595.57497,fist
1651004595.6749701,fist
1651004595.7803771,fist
1651004595.8808892,fist
1651004595.9852102,fist
1651004596.0852108,fist
1651004596.185211,fist
1651004596.2852118,undetermined
1651004596.385212,undetermined
1651004596.485213,undetermined
1651004596.585214,undetermined
1651004596.685214,undetermined
1651004596.785215,undetermined
1651004596.885215,undetermined
1651004596.985216,undetermined
1651004597.095928,undetermined
1651004597.195928,fight_on
1651004597.302594,fight_on
1651004597.402594,fight_on
1651004597.5325792,fight_on
1651004597.63258,fight_on
1651004597.756449,fight_on
1651004597.892705,fight_on
1651004598.037279,fight_on
1651004598.137279,fight_on
1651004598.250441,fight_on
1651004598.350442,fight_on
1651004598.4877949,fight_on
1651004598.587795,fight_on
1651004598.721448,fight_on
1651004598.821449,fight_on
1651004598.955581,fight_on
1651004599.055582,fight_on
1651004599.23685,fight_on
1651004599.402999,fight_on
1651004599.5465548,fight_on
1651004599.646555,fight_on
1651004599.773865,fight_on
1651004599.9081511,fight_on
1651004600.042231,fight_on
1651004600.1422322,undetermined
1651004600.242241,undetermined
1651004600.342241,undetermined
1651004600.4422421,undetermined
1651004600.542243,undetermined
1651004600.6422431,undetermined
1651004600.742244,undetermined
1651004600.8422441,undetermined
1651004600.942245,undetermined
1651004601.092726,fight_on
1651004601.192727,fight_on
1651004601.330764,fight_on
1651004601.461004,fight_on
1651004601.591887,undetermined
1651004601.72509,undetermined
1651004601.8250911,fight_on
1651004601.925092,fight_on
1651004602.0250921,fight_on
1651004602.1250932,fight_on
1651004602.249578,fight_on
1651004602.349579,fight_on
1651004602.4910989,fight_on
1651004602.619757,fight_on
1651004602.751374,fight_on
1651004602.8513741,fight_on
1651004602.982688,fight_on
1651004603.082688,fight_on
1651004603.184936,fight_on
1651004603.284937,fist
1651004603.4055538,fist
1651004603.505554,fight_on
1651004603.605555,fight_on
1651004603.705556,fight_on
1651004603.805556,undetermined
1651004603.905557,fight_on
1651004604.005557,fight_on
1651004604.15245,fight_on
1651004604.263791,fist
1651004604.367179,fist
1651004604.467179,fight_on
1651004604.56718,fight_on
1651004604.691133,fight_on
1651004604.7911339,fight_on
1651004604.891134,fight_on
1651004605.024107,fight_on
1651004605.128818,fight_on
1651004605.228819,fight_on
1651004605.349291,fight_on
1651004605.485215,fight_on
1651004605.616367,fight_on
1651004605.747369,fist
1651004605.8788211,fist
1651004605.978822,fight_on
1651004606.0788229,undetermined
1651004606.178823,undetermined
1651004606.284338,undetermined
1651004606.420368,undetermined
1651004606.520368,undetermined
1651004606.620369,undetermined
1651004606.7203698,undetermined
1651004606.82037,undetermined
1651004606.920371,undetermined
1651004607.020372,four
1651004607.132941,fist
1651004607.2329412,fist
1651004607.332942,fist
1651004607.4329422,fist
1651004607.532943,fist
1651004607.6329432,fist
1651004607.7329438,fist
1651004607.83295,fist
1651004607.932951,fist
1651004608.032951,fist
1651004608.132952,fist
1651004608.232952,fist
1651004608.332953,fist
1651004608.4329531,fist
1651004608.5329542,fist
1651004608.6329548,fist
1651004608.732955,fist
1651004608.8329558,fist
1651004608.933456,fist
1651004609.033456,fist
1651004609.133457,fist
1651004609.233474,fist
1651004609.3334742,fist
1651004609.433475,fist
1651004609.5334752,fist
1651004609.633476,fist
1651004609.7334762,fist
1651004609.833477,fist
1651004609.9334772,fist
1651004610.0334778,undetermined
1651004610.133478,undetermined
1651004610.233479,undetermined
1651004610.33348,undetermined
1651004610.43348,undetermined
1651004610.533491,undetermined
1651004610.6335008,undetermined
1651004610.733501,four
1651004610.833502,fist
1651004610.933503,fist
1651004611.033503,fist
1651004611.133504,fist
1651004611.233504,fist
1651004611.333505,fist
1651004611.433505,fist
1651004611.53373,fist
1651004611.6337311,fist
1651004611.733732,fist
1651004611.833736,fist
1651004611.933737,fist
1651004612.033738,fist
1651004612.133738,fist
1651004612.233739,fist
1651004612.333739,fist
1651004612.4337401,fist
1651004612.533741,fist
1651004612.6337411,fist
1651004612.733742,fist
1651004612.8337421,fist
1651004612.9337459,fist
1651004613.033746,fist
1651004613.1337469,fist
1651004613.233747,fist
1651004613.3337479,fist
1651004613.433748,fist
1651004613.533749,fist
1651004613.63375,fist
1651004613.73375,fist
1651004613.833751,fist
1651004613.9337559,fist
1651004614.035168,fist
1651004614.135168,fist
1651004614.235169,fist
1651004614.335169,fist
1651004614.43517,fist
1651004614.53517,fist
1651004614.6351712,undetermined
1651004614.735172,undetermined
1651004614.8351722,undetermined
1651004614.935173,undetermined
1651004615.0351841,undetermined
1651004615.135185,undetermined
1651004615.2351859,undetermined
1651004615.335186,undetermined
1651004615.435193,undetermined
1651004615.5351932,undetermined
1651004615.635194,fight_on
1651004615.741594,fight_on
1651004615.8415942,fight_on
1651004615.972724,fight_on
1651004616.08732,fight_on
1651004616.1873212,fight_on
1651004616.3094258,fight_on
1651004616.409426,fight_on
1651004616.5094268,fight_on
1651004616.609427,fight_on
1651004616.709428,fight_on
1651004616.837894,fight_on
1651004616.9378948,fight_on
1651004617.0379012,fight_on
1651004617.137902,fight_on
1651004617.2379022,fight_on
1651004617.337903,fight_on
1651004617.4379032,fight_on
1651004617.537904,fight_on
1651004617.654586,fight_on
1651004617.7545862,fight_on
1651004617.8545868,fight_on
1651004617.954587,fight_on
1651004618.0545878,fight_on
1651004618.154588,fight_on
1651004618.2545888,fight_on
1651004618.354589,fight_on
1651004618.4545898,fight_on
1651004618.5832808,fight_on
1651004618.683281,fight_on
1651004618.810705,fight_on
1651004618.9107141,undetermined
1651004619.013504,undetermined
1651004619.1135051,undetermined
1651004619.213506,undetermined
1651004619.3135061,undetermined
1651004619.413507,undetermined
1651004619.5135071,undetermined
1651004619.613508,undetermined
1651004619.7135081,undetermined
1651004619.8135092,undetermined
1651004619.9135098,undetermined
1651004620.013521,undetermined
1651004620.1135218,undetermined
1651004620.213522,undetermined
1651004620.313523,undetermined
1651004620.413524,undetermined
1651004620.513524,undetermined
1651004620.613525,undetermined
1651004620.713525,undetermined
1651004620.813526,undetermined
1651004620.913526,undetermined
1651004621.0135272,undetermined
1651004621.113528,undetermined
1651004621.2135282,undetermined
1651004621.313529,undetermined
1651004621.4135292,undetermined
1651004621.51353,undetermined
1651004621.6135302,undetermined
1651004621.7135308,undetermined
1651004621.813531,undetermined
1651004621.913532,undetermined
1651004622.0135329,undetermined
1651004622.113533,undetermined
1651004622.2135339,undetermined
1651004622.313534,undetermined
1651004622.4135349,undetermined
1651004622.513535,undetermined
1651004622.613536,undetermined
1651004622.713536,undetermined
1651004622.8135371,undetermined
1651004622.913538,undetermined
1651004623.0135381,undetermined
1651004623.113539,undetermined
1651004623.2135649,undetermined
1651004623.313565,undetermined
1651004623.414659,undetermined
1651004623.5146592,undetermined
1651004623.61466,undetermined
1651004623.715328,undetermined
1651004623.815329,undetermined
1651004623.915769,undetermined
1651004624.0157702,undetermined
1651004624.1257222,undetermined
1651004624.2257228,undetermined
1651004624.325723,undetermined
1651004624.4257238,undetermined
1651004624.525724,undetermined
1651004624.625725,undetermined
1651004624.725726,undetermined
1651004624.825726,undetermined
1651004624.925727,undetermined
1651004625.0257611,undetermined
1651004625.125762,undetermined
1651004625.2257621,undetermined
1651004625.325763,undetermined
1651004625.4257631,undetermined
1651004625.525764,undetermined
1651004625.6257641,undetermined
1651004625.7257652,undetermined
1651004625.8257658,undetermined
1651004625.925766,undetermined
1651004626.025771,undetermined
1651004626.125771,undetermined
1651004626.2257721,undetermined
1651004626.325773,undetermined
1651004626.4257731,undetermined
1651004626.525774,undetermined
1651004626.6257741,undetermined
