1650669894.821051,undetermined
1650669894.961092,undetermined
1650669895.075694,undetermined
1650669895.1756952,undetermined
1650669895.280722,undetermined
1650669895.4233449,undetermined
1650669895.5260642,undetermined
1650669895.639669,undetermined
1650669895.7660968,undetermined
1650669895.873444,undetermined
1650669896.000088,undetermined
1650669896.101105,undetermined
1650669896.211086,undetermined
1650669896.345681,undetermined
1650669896.4584708,undetermined
1650669896.574253,undetermined
1650669896.696225,undetermined
1650669896.826981,undetermined
1650669896.9294531,undetermined
1650669897.122874,undetermined
1650669897.240582,undetermined
1650669897.36622,two
1650669897.497938,two
1650669897.631697,two
1650669897.754484,two
1650669897.8544939,two
1650669897.954496,two
1650669898.063024,two
1650669898.163025,two
1650669898.270964,two
1650669898.378436,two
1650669898.517109,two
1650669898.6581671,two
1650669898.777992,two
1650669898.911063,two
1650669899.031494,two
1650669899.142154,two
1650669899.254271,two
1650669899.377289,two
1650669899.496615,two
1650669899.6060522,two
1650669899.725448,two
1650669899.8319628,two
1650669899.966866,two
1650669900.1499038,two
1650669900.258165,two
1650669900.381299,two
1650669900.495156,two
1650669900.630877,undetermined
1650669900.7308779,undetermined
1650669900.868365,undetermined
1650669900.9848251,undetermined
1650669901.0848262,undetermined
1650669901.192501,undetermined
1650669901.309841,undetermined
1650669901.433632,undetermined
1650669901.541095,undetermined
1650669901.6411672,undetermined
1650669901.746638,undetermined
1650669901.887348,four
1650669902.056012,fist
1650669902.173541,fist
1650669902.298124,fist
1650669902.4284852,fist
1650669902.5482812,fist
1650669902.665948,fist
1650669902.819703,fist
1650669902.940785,fist
1650669903.0849621,fist
1650669903.225888,fist
1650669903.348781,fist
1650669903.47388,fist
1650669903.584488,fist
1650669903.706461,fist
1650669903.859733,fist
1650669903.963818,fist
1650669904.069097,fist
1650669904.1749609,fist
1650669904.288362,fist
1650669904.41937,fist
1650669904.5201669,fist
1650669904.644448,fist
1650669904.759537,fist
1650669904.891534,undetermined
1650669905.013576,undetermined
1650669905.113577,undetermined
1650669905.2415009,undetermined
1650669905.3558102,undetermined
1650669905.469398,undetermined
1650669905.5711691,undetermined
1650669905.67117,undetermined
1650669905.80651,undetermined
1650669905.9296901,undetermined
1650669906.035157,undetermined
1650669906.144288,undetermined
1650669906.282596,fight_on
1650669906.392221,fight_on
1650669906.4941351,fight_on
1650669906.594136,fight_on
1650669906.695148,fight_on
1650669906.8313909,fight_on
1650669906.931391,fight_on
1650669907.0596669,fight_on
1650669907.176058,fight_on
1650669907.287306,fight_on
1650669907.402684,fight_on
1650669907.505366,fight_on
1650669907.613929,fight_on
1650669907.71393,fight_on
1650669907.813951,fight_on
1650669907.913952,fight_on
1650669908.013953,fight_on
1650669908.120098,fight_on
1650669908.232515,fight_on
1650669908.3657348,fight_on
1650669908.4843142,fight_on
1650669908.589685,fight_on
1650669908.7171578,fight_on
1650669908.817158,fight_on
1650669908.95028,fight_on
1650669909.060423,fight_on
1650669909.171215,fight_on
1650669909.297699,fight_on
1650669909.398624,fight_on
1650669909.498624,undetermined
1650669909.5992498,undetermined
1650669909.69925,undetermined
1650669909.803468,undetermined
1650669909.9793532,undetermined
1650669910.1165981,undetermined
1650669910.228511,undetermined
1650669910.33901,undetermined
1650669910.46074,undetermined
1650669910.560747,undetermined
1650669910.675195,undetermined
1650669910.780419,undetermined
1650669910.891905,undetermined
1650669911.009273,four
1650669911.1098108,fist
1650669911.2187898,fist
1650669911.3502479,fist
1650669911.4686358,fist
1650669911.587449,fist
1650669911.719954,fist
1650669911.822772,fist
1650669912.0706902,fist
1650669912.231904,fist
1650669912.3471029,fist
1650669912.467788,fist
1650669912.581248,fist
1650669912.7137,fist
1650669912.821541,fist
1650669912.968126,fist
1650669913.068127,fist
1650669913.1682181,fist
1650669913.287758,fist
1650669913.3949819,fist
1650669913.4962208,fist
1650669913.605408,fist
1650669913.7073941,fist
1650669913.8144588,fist
1650669913.9286149,fist
1650669914.0634508,fist
1650669914.185863,undetermined
1650669914.294699,undetermined
1650669914.415949,undetermined
1650669914.5187929,undetermined
1650669914.629668,undetermined
1650669914.753262,undetermined
1650669914.8696,undetermined
1650669914.978673,undetermined
1650669915.0786738,undetermined
1650669915.178674,undetermined
1650669915.2786748,fight_on
1650669915.378675,fight_on
1650669915.478676,fight_on
1650669915.642974,fight_on
1650669915.817399,fight_on
1650669915.9388921,fight_on
1650669916.038893,fight_on
1650669916.1589398,fight_on
1650669916.295489,fight_on
1650669916.4108531,fight_on
1650669916.531096,fight_on
1650669916.64968,fight_on
1650669916.782798,fight_on
1650669916.89643,fight_on
1650669917.04662,fight_on
1650669917.173785,fight_on
1650669917.3054771,fight_on
1650669917.4072168,fight_on
1650669917.5158641,fight_on
1650669917.615865,fight_on
1650669917.7158651,fight_on
1650669917.827242,fight_on
1650669917.9479659,fight_on
1650669918.052207,fight_on
1650669918.16241,fight_on
1650669918.270269,fight_on
1650669918.3868349,fight_on
1650669918.534274,fight_on
1650669918.644832,undetermined
1650669918.744832,undetermined
1650669918.872993,undetermined
1650669918.979172,undetermined
1650669919.0964742,undetermined
1650669919.199845,undetermined
1650669919.3022232,undetermined
1650669919.408664,undetermined
1650669919.535906,undetermined
1650669919.652119,undetermined
1650669919.752906,undetermined
1650669919.85343,undetermined
1650669919.954923,undetermined
1650669920.054923,undetermined
1650669920.170181,undetermined
1650669920.305561,two
1650669920.41596,two
1650669920.5159612,two
1650669920.637158,two
1650669920.745877,two
1650669920.8458781,two
1650669920.945879,two
1650669921.209077,two
1650669921.3153222,two
1650669921.4328058,two
1650669921.563583,two
1650669921.670879,two
1650669921.770879,two
1650669921.87088,two
1650669922.022978,two
1650669922.1394901,two
1650669922.27207,two
1650669922.372071,two
1650669922.472072,two
1650669922.576255,two
1650669922.7014441,two
1650669922.835105,two
1650669922.937713,two
1650669923.0584168,two
1650669923.170013,two
1650669923.3103878,two
1650669923.425628,two
1650669923.525779,two
1650669923.6257799,two
1650669923.738676,two
1650669923.843023,two
1650669923.947456,undetermined
1650669924.0528698,undetermined
1650669924.1590242,undetermined
1650669924.3097541,undetermined
1650669924.423254,undetermined
1650669924.541478,undetermined
1650669924.641479,undetermined
1650669924.746421,undetermined
1650669924.846422,undetermined
1650669924.964781,undetermined
1650669925.088906,undetermined
1650669925.195015,undetermined
1650669925.295016,two
1650669925.407586,two
1650669925.518125,two
1650669925.629827,two
1650669925.72986,two
1650669925.846283,two
1650669925.9633129,two
1650669926.0753212,two
1650669926.185792,two
1650669926.305692,two
1650669926.419211,two
1650669926.533495,two
1650669926.673242,two
1650669926.787491,two
1650669926.903528,two
1650669927.0401092,two
1650669927.1600268,two
1650669927.3079329,two
1650669927.4081228,two
1650669927.516066,two
1650669927.620641,two
1650669927.7206411,two
1650669927.820642,two
1650669927.940288,two
1650669928.040289,two
1650669928.140289,two
1650669928.2558641,two
1650669928.356021,two
1650669928.488099,two
1650669928.599156,two
1650669928.700126,two
1650669928.80757,two
1650669928.9222798,two
1650669929.030404,two
1650669929.1304052,two
1650669929.2304058,two
1650669929.339332,two
1650669929.457304,two
1650669929.580361,two
1650669929.690361,two
1650669929.790974,two
1650669929.8953469,undetermined
1650669930.0846,undetermined
1650669930.194172,undetermined
1650669930.298142,undetermined
1650669930.413137,undetermined
1650669930.5246038,undetermined
1650669930.627211,undetermined
1650669930.732778,undetermined
1650669930.851914,undetermined
1650669930.9725912,undetermined
1650669931.075375,undetermined
1650669931.1816251,undetermined
1650669931.286763,undetermined
1650669931.391158,undetermined
1650669931.5934231,fight_on
1650669931.694058,fight_on
1650669931.804835,fight_on
1650669931.922273,fight_on
1650669932.0870972,fight_on
1650669932.200651,fight_on
1650669932.308295,fight_on
1650669932.424501,fight_on
1650669932.5246332,fight_on
1650669932.624634,fight_on
1650669932.7246342,fight_on
1650669932.83357,fight_on
1650669932.961323,fight_on
1650669933.066059,fight_on
1650669933.1987982,fight_on
1650669933.309334,fight_on
1650669933.42499,fight_on
1650669933.524991,fight_on
1650669933.6343281,fight_on
1650669933.763594,fight_on
1650669933.892778,fight_on
1650669934.0287979,fight_on
1650669934.154083,fight_on
1650669934.2540832,fight_on
1650669934.363947,fight_on
1650669934.468575,fight_on
1650669934.578871,fight_on
1650669934.6796951,fight_on
1650669934.7879858,fight_on
1650669934.900376,fight_on
1650669935.0003772,fight_on
1650669935.102449,fight_on
1650669935.238859,fight_on
1650669935.338859,fight_on
1650669935.43886,fight_on
1650669935.53886,fight_on
1650669935.69695,fight_on
1650669935.8274,fight_on
1650669935.9282482,fight_on
1650669936.031429,fight_on
1650669936.155922,undetermined
1650669936.256733,undetermined
1650669936.356734,undetermined
1650669936.464382,undetermined
1650669936.599177,undetermined
1650669936.7175932,undetermined
1650669936.822531,undetermined
1650669936.927267,undetermined
1650669937.091844,undetermined
1650669937.194558,undetermined
1650669937.310153,four
1650669937.423412,fist
1650669937.560375,fist
1650669937.665947,fist
1650669937.7723038,fist
1650669937.8723042,fist
1650669938.0113401,fist
1650669938.120967,fist
1650669938.2258282,fist
1650669938.360769,fist
1650669938.4607701,fist
1650669938.563767,fist
1650669938.690293,fist
1650669938.794015,fist
1650669938.899423,fist
1650669939.006538,fist
1650669939.106538,fist
1650669939.230871,fist
1650669939.348516,fist
1650669939.471452,fist
1650669939.6123579,fist
1650669939.741707,fist
1650669939.856163,fist
1650669939.976162,fist
1650669940.084332,fist
1650669940.1843321,fist
1650669940.290785,fist
1650669940.420395,fist
1650669940.531898,fist
1650669940.656436,fist
1650669940.796272,fist
1650669940.898251,fist
1650669941.0187688,fist
1650669941.118769,fist
1650669941.226822,fist
1650669941.334421,fist
1650669941.441626,fist
1650669941.5416262,fist
1650669941.643445,fist
1650669941.745452,fist
1650669941.845729,fist
1650669941.982337,fist
1650669942.094202,fist
1650669942.194266,fist
1650669942.2949271,fist
1650669942.3949282,fist
1650669942.5231931,undetermined
1650669942.6333098,undetermined
1650669942.752639,undetermined
1650669942.85264,undetermined
1650669943.0491579,undetermined
1650669943.1591392,undetermined
1650669943.25914,undetermined
1650669943.374482,undetermined
1650669943.505321,two
1650669943.629996,two
1650669943.730525,two
1650669943.852431,two
1650669943.971306,two
1650669944.0764182,two
1650669944.176419,two
1650669944.284975,two
1650669944.41635,two
1650669944.525634,two
1650669944.643682,two
1650669944.7436821,two
1650669944.843683,two
1650669944.9436831,two
1650669945.0454662,two
1650669945.163838,two
1650669945.263838,two
1650669945.363839,two
1650669945.4747279,two
1650669945.590281,two
1650669945.6902819,two
1650669945.790743,two
1650669945.890744,two
1650669945.995908,two
1650669946.1057248,two
1650669946.2183821,undetermined
1650669946.3352902,undetermined
1650669946.460261,undetermined
1650669946.560262,undetermined
1650669946.661619,undetermined
1650669946.76162,undetermined
1650669946.861621,undetermined
1650669947.0128021,undetermined
1650669947.173295,undetermined
1650669947.289817,undetermined
1650669947.439005,undetermined
1650669947.5437472,fight_on
1650669947.648732,fight_on
1650669947.748733,fight_on
1650669947.848734,fight_on
1650669947.948975,fight_on
1650669948.049771,fight_on
1650669948.192924,fight_on
1650669948.3403919,fight_on
1650669948.4691882,fight_on
1650669948.6504571,fight_on
1650669948.781239,fight_on
1650669948.889279,fight_on
1650669948.989279,fight_on
1650669949.192665,fight_on
1650669949.298938,fight_on
1650669949.41633,fight_on
1650669949.529783,fight_on
1650669949.640994,fight_on
1650669949.747218,fight_on
1650669949.847218,fight_on
1650669949.9637141,fight_on
1650669950.1021519,fight_on
1650669950.214529,fight_on
1650669950.315103,fight_on
1650669950.420479,fight_on
1650669950.52048,undetermined
1650669950.62048,undetermined
1650669950.739845,undetermined
1650669950.8423219,undetermined
1650669950.959736,undetermined
1650669951.1118212,undetermined
1650669951.2301388,four
1650669951.3690398,fist
1650669951.478675,fist
1650669951.595392,fist
1650669951.729493,fist
1650669951.870155,fist
1650669951.9937952,fist
1650669952.110689,fist
1650669952.254187,fist
1650669952.365217,fist
1650669952.465217,fist
1650669952.565218,fist
1650669952.690597,fist
1650669952.7905972,fist
1650669952.8905978,fist
1650669953.023062,fist
1650669953.143342,fist
1650669953.253779,fist
1650669953.420144,fist
1650669953.538744,fist
1650669953.638744,fist
1650669953.738745,fist
1650669953.843219,fist
1650669953.950314,fist
1650669954.07368,fist
1650669954.1826181,fist
1650669954.33484,fist
1650669954.473682,undetermined
1650669954.585988,undetermined
1650669954.72292,undetermined
1650669954.850652,undetermined
1650669954.9721851,undetermined
1650669955.117492,undetermined
1650669955.242715,undetermined
1650669955.381279,undetermined
1650669955.492898,undetermined
1650669955.593617,fist
1650669955.705496,fist
1650669955.846115,fist
1650669955.9706502,fist
1650669956.084002,fist
1650669956.208765,fist
1650669956.322176,fist
1650669956.4291148,fist
1650669956.5419068,fist
1650669956.6845329,fist
1650669956.797201,fist
1650669956.951586,fist
1650669957.1169531,fist
1650669957.2296078,fist
1650669957.362101,fist
1650669957.496917,fist
1650669957.618697,fist
1650669957.756213,fist
1650669957.918527,fist
1650669958.054574,fist
1650669958.177362,fist
1650669958.326847,fist
1650669958.491553,fist
1650669958.7057128,fist
1650669958.863277,fist
1650669958.987375,fist
1650669959.211081,fist
1650669959.334751,fist
1650669959.470795,fist
1650669959.589868,fist
1650669959.706125,fist
1650669959.8412821,fist
1650669959.962123,fist
1650669960.0888388,fist
1650669960.2172968,fist
1650669960.341696,undetermined
1650669960.472343,undetermined
1650669960.601897,undetermined
1650669960.729256,undetermined
1650669960.8318532,undetermined
1650669960.95314,undetermined
1650669961.0973,undetermined
1650669961.223695,undetermined
1650669961.352832,undetermined
1650669961.471814,undetermined
1650669961.578578,fight_on
1650669961.7178721,fight_on
1650669961.8487208,fight_on
1650669961.9960341,fight_on
1650669962.121687,fight_on
1650669962.2433522,fight_on
1650669962.3673658,fight_on
1650669962.5308769,fight_on
1650669962.637665,fight_on
1650669962.762141,fight_on
1650669962.8736682,fight_on
1650669963.070837,fight_on
1650669963.206899,fight_on
1650669963.315491,fight_on
1650669963.4502861,fight_on
1650669963.558669,fight_on
1650669963.7086442,fight_on
1650669963.8228521,fight_on
1650669963.959383,fight_on
1650669964.0969431,fight_on
1650669964.22637,fight_on
1650669964.362232,fight_on
1650669964.506211,fight_on
1650669964.6062112,fight_on
1650669964.7199628,fight_on
1650669964.854642,fight_on
1650669964.992522,fight_on
1650669965.115374,fight_on
1650669965.239607,fight_on
1650669965.428768,fight_on
1650669965.544265,fight_on
1650669965.679441,fight_on
1650669965.790903,fight_on
1650669965.9073029,fight_on
1650669966.027947,fight_on
1650669966.127947,fight_on
1650669966.2566621,undetermined
1650669966.385907,undetermined
1650669966.509251,undetermined
1650669966.626261,undetermined
1650669966.766193,undetermined
1650669966.897977,undetermined
1650669967.065661,undetermined
1650669967.180554,undetermined
1650669967.2895381,undetermined
1650669967.416275,undetermined
1650669967.543534,undetermined
1650669967.651453,undetermined
1650669967.783214,two
1650669967.905312,two
1650669968.028047,two
1650669968.1367218,two
1650669968.239594,two
1650669968.350483,two
1650669968.483189,two
1650669968.609523,two
1650669968.737859,two
1650669968.865803,two
1650669969.010659,two
1650669969.12907,two
1650669969.261342,two
1650669969.396862,two
1650669969.529036,two
1650669969.6479712,two
1650669969.776588,two
1650669969.887926,two
1650669970.0156622,two
1650669970.150909,two
1650669970.268197,two
1650669970.411711,two
1650669970.523099,undetermined
1650669970.6693718,undetermined
1650669970.795169,undetermined
1650669970.952383,undetermined
1650669971.089232,undetermined
1650669971.216515,undetermined
1650669971.324914,undetermined
1650669971.4541838,undetermined
1650669971.592322,undetermined
1650669971.7030048,four
1650669971.816609,fist
1650669971.9391518,fist
1650669972.0615559,fist
1650669972.182273,fist
1650669972.311458,fist
1650669972.428569,fist
1650669972.5285702,fist
1650669972.6575592,fist
1650669972.761473,fist
1650669972.9070961,fist
1650669973.0299368,fist
1650669973.180935,fist
1650669973.309407,fist
1650669973.41963,fist
1650669973.559686,fist
1650669973.688214,fist
1650669973.792928,fist
1650669973.915236,fist
1650669974.025265,fist
1650669974.166662,fist
1650669974.288991,fist
1650669974.410597,fist
1650669974.530633,fist
1650669974.630634,fist
1650669974.743912,fist
1650669974.885532,fist
1650669975.0213199,fist
1650669975.155682,fist
1650669975.263938,fist
1650669975.395562,fist
1650669975.499347,undetermined
1650669975.643264,undetermined
1650669975.7642481,undetermined
1650669975.882453,undetermined
1650669976.014281,undetermined
1650669976.130908,undetermined
1650669976.2427788,undetermined
1650669976.388778,undetermined
1650669976.522357,undetermined
1650669976.666951,fight_on
1650669976.7899551,fight_on
1650669976.896928,fight_on
1650669977.023041,fight_on
1650669977.1674418,fight_on
1650669977.2904499,fight_on
1650669977.395447,fight_on
1650669977.5187562,fight_on
1650669977.664132,fight_on
1650669977.7784572,fight_on
1650669977.929445,fight_on
1650669978.054208,fight_on
1650669978.192937,fight_on
1650669978.314121,fight_on
1650669978.437975,fight_on
1650669978.542312,fight_on
1650669978.689884,fight_on
1650669978.811841,fight_on
1650669978.9529102,fight_on
1650669979.066546,fight_on
1650669979.206228,fight_on
1650669979.3278022,fight_on
1650669979.4825091,four
1650669979.592594,undetermined
1650669979.7280152,undetermined
1650669979.878439,undetermined
1650669980.067776,undetermined
1650669980.195173,undetermined
1650669980.308393,undetermined
1650669980.4180212,undetermined
1650669980.563158,undetermined
1650669980.684681,undetermined
1650669980.810535,two
1650669980.917772,two
1650669981.04024,two
1650669981.164256,two
1650669981.2765079,two
1650669981.383051,two
1650669981.505461,two
1650669981.640382,two
1650669981.75999,two
1650669981.895932,two
1650669982.0463529,two
1650669982.1805382,two
1650669982.315954,two
1650669982.430651,two
1650669982.547604,two
1650669982.862499,two
1650669982.984791,two
1650669983.127645,two
1650669983.261228,two
1650669983.3988962,two
1650669983.5706,two
1650669983.697451,two
1650669983.8142002,two
1650669983.9423418,two
1650669984.183765,two
1650669984.32948,two
1650669984.444128,two
1650669984.5441291,two
1650669984.660583,two
1650669984.7750368,two
1650669984.8918982,two
1650669985.017146,two
1650669985.145331,two
1650669985.285967,two
1650669985.423904,undetermined
1650669985.54797,undetermined
1650669985.676151,undetermined
1650669985.825336,undetermined
1650669985.943267,undetermined
1650669986.057656,undetermined
1650669986.167213,undetermined
1650669986.34017,undetermined
1650669986.474993,undetermined
1650669986.649329,undetermined
1650669986.781714,two
1650669986.933265,two
1650669987.0959842,two
1650669987.211278,two
1650669987.3161018,two
1650669987.416102,two
1650669987.532966,two
1650669987.653779,two
1650669987.772324,two
1650669987.938422,two
1650669988.05993,two
1650669988.1978629,two
1650669988.2981582,two
1650669988.430051,two
1650669988.551869,two
1650669988.678688,two
1650669988.806901,two
1650669988.930153,two
1650669989.0416691,two
1650669989.173461,two
1650669989.2948868,two
1650669989.438646,two
1650669989.564729,two
1650669989.690855,undetermined
1650669989.8135,undetermined
1650669989.9577332,undetermined
1650669990.099307,undetermined
1650669990.225356,undetermined
1650669990.359864,undetermined
1650669990.498806,undetermined
1650669990.632962,undetermined
1650669990.755698,undetermined
1650669990.880846,undetermined
1650669991.006347,fight_on
1650669991.106858,fight_on
1650669991.206859,fight_on
1650669991.321423,fight_on
1650669991.451668,fight_on
1650669991.5763998,fight_on
1650669991.709436,fight_on
1650669991.8598242,fight_on
1650669991.964843,fight_on
1650669992.118657,fight_on
1650669992.250297,fight_on
1650669992.3876412,fight_on
1650669992.4976,fight_on
1650669992.629406,fight_on
1650669992.743016,fight_on
1650669992.872258,fight_on
1650669992.988875,fight_on
1650669993.1031208,fight_on
1650669993.221872,fight_on
1650669993.344105,fight_on
1650669993.4454389,fight_on
1650669993.545439,fight_on
1650669993.645779,fight_on
1650669993.767539,fight_on
1650669993.8843122,fight_on
1650669994.0216398,fight_on
1650669994.1353831,fight_on
1650669994.235384,fight_on
1650669994.339037,fight_on
1650669994.454365,fight_on
1650669994.581474,fight_on
1650669994.685884,fight_on
1650669994.792146,fight_on
1650669994.8921468,fight_on
1650669994.99722,fight_on
1650669995.111362,fight_on
1650669995.228873,fight_on
1650669995.3581,fight_on
1650669995.4791539,fight_on
1650669995.5874612,fight_on
1650669995.6874619,undetermined
1650669995.82862,undetermined
1650669995.9354591,undetermined
1650669996.0581892,undetermined
1650669996.266388,undetermined
1650669996.3766642,undetermined
1650669996.476665,undetermined
1650669996.5766652,undetermined
1650669996.676669,undetermined
1650669996.806006,four
1650669996.945201,fist
1650669997.045202,fist
1650669997.157293,fist
1650669997.2572942,fist
1650669997.357295,fist
1650669997.4572952,fist
1650669997.567612,fist
1650669997.667613,fist
1650669997.788908,fist
1650669997.898509,fist
1650669997.998765,fist
1650669998.0987651,fist
1650669998.198882,fist
1650669998.319529,fist
1650669998.432273,fist
1650669998.532567,fist
1650669998.63307,fist
1650669998.7337978,fist
1650669998.833798,fist
1650669998.954583,fist
1650669999.054583,fist
1650669999.158849,fist
1650669999.290744,fist
1650669999.392986,fist
1650669999.503011,fist
1650669999.611284,fist
1650669999.7189791,fist
1650669999.81898,fist
1650669999.939649,fist
1650670000.03965,fist
1650670000.162315,fist
1650670000.268933,fist
1650670000.38722,fist
1650670000.503315,fist
1650670000.609954,fist
1650670000.709955,fist
1650670000.8099551,fist
1650670000.927364,fist
1650670001.037098,fist
1650670001.14542,fist
1650670001.2454212,fist
1650670001.363229,fist
1650670001.4713678,fist
1650670001.576222,fist
1650670001.688016,fist
1650670001.8024871,undetermined
1650670001.902694,undetermined
1650670002.015522,undetermined
1650670002.1155221,undetermined
1650670002.220853,undetermined
1650670002.320854,undetermined
1650670002.420854,undetermined
1650670002.525624,undetermined
1650670002.625644,undetermined
1650670002.725659,undetermined
1650670002.8293278,four
1650670002.9525912,fist
1650670003.067482,fist
1650670003.1757948,fist
1650670003.276216,fist
1650670003.388402,fist
1650670003.497613,fist
1650670003.6465092,fist
1650670003.74651,fist
1650670003.8465102,fist
1650670003.946511,fist
1650670004.0465112,fist
1650670004.1465118,fist
1650670004.2465122,fist
1650670004.3465128,fist
1650670004.463784,fist
1650670004.563963,fist
1650670004.6765592,fist
1650670004.797033,fist
1650670004.897034,fist
1650670004.99894,fist
1650670005.103214,fist
1650670005.2182999,fist
1650670005.3202088,fist
1650670005.422904,fist
1650670005.523125,fist
1650670005.6366751,fist
1650670005.765648,fist
1650670005.888793,fist
1650670006.002526,undetermined
1650670006.1236858,undetermined
1650670006.2353852,undetermined
1650670006.344107,undetermined
1650670006.4441159,undetermined
1650670006.544116,undetermined
1650670006.669748,undetermined
1650670006.7758222,undetermined
1650670006.880289,zero
1650670006.98029,fight_on
1650670007.127666,fight_on
1650670007.233622,fight_on
1650670007.341269,fight_on
1650670007.46281,fight_on
1650670007.5628102,fight_on
1650670007.674489,fight_on
1650670007.781562,fight_on
1650670007.915078,fight_on
1650670008.040096,fight_on
1650670008.1400971,fight_on
1650670008.240098,fight_on
1650670008.3400981,fight_on
1650670008.440301,fight_on
1650670008.559967,fight_on
1650670008.659968,fight_on
1650670008.759968,fight_on
1650670008.862831,fight_on
1650670008.983725,fight_on
1650670009.102984,fight_on
1650670009.2244139,fight_on
1650670009.324414,fight_on
1650670009.590742,fight_on
1650670009.6909099,fight_on
1650670009.801474,fight_on
1650670009.9035919,fight_on
1650670010.029579,fight_on
1650670010.143604,fight_on
1650670010.243605,fight_on
1650670010.354431,fight_on
1650670010.464813,fight_on
1650670010.575839,fight_on
1650670010.682635,undetermined
1650670010.782636,undetermined
1650670010.885372,undetermined
1650670010.990884,undetermined
1650670011.100228,undetermined
1650670011.2002282,undetermined
1650670011.300229,undetermined
1650670011.418033,undetermined
1650670011.529645,undetermined
1650670011.642323,undetermined
1650670011.7743518,undetermined
1650670011.896245,two
1650670012.022625,two
1650670012.139544,two
1650670012.256045,two
1650670012.3669162,two
1650670012.470599,two
1650670012.588201,two
1650670012.6886241,two
1650670012.9642298,two
1650670013.0701911,two
1650670013.175908,two
1650670013.279594,two
1650670013.379594,two
1650670013.490253,two
1650670013.606396,two
1650670013.7071722,two
1650670013.807173,two
1650670013.925164,two
1650670014.0251641,two
1650670014.146236,two
1650670014.326257,two
1650670014.426264,two
1650670014.531521,two
1650670014.631522,two
1650670014.731522,two
1650670014.83266,two
1650670014.965905,two
1650670015.066019,two
1650670015.188063,two
1650670015.313337,two
1650670015.4133382,two
1650670015.52581,two
1650670015.6258109,two
1650670015.7259269,two
1650670015.859245,two
1650670015.969337,two
1650670016.0786078,two
1650670016.1786082,two
1650670016.278689,two
1650670016.379135,two
1650670016.503542,two
1650670016.620672,two
1650670016.745808,undetermined
1650670016.845808,undetermined
1650670016.9573498,undetermined
1650670017.1183941,undetermined
1650670017.2425,undetermined
1650670017.353955,undetermined
1650670017.4813151,undetermined
1650670017.602817,undetermined
1650670017.7059,undetermined
1650670017.8230028,undetermined
1650670017.923003,undetermined
1650670018.024371,undetermined
1650670018.124371,four
1650670018.2441611,fist
1650670018.35198,fist
1650670018.454567,fist
1650670018.564057,fist
1650670018.680439,fist
1650670018.786719,fist
1650670018.896066,fist
1650670019.0185258,fist
1650670019.122467,fist
1650670019.223091,fist
1650670019.325214,fist
1650670019.450469,fist
1650670019.551072,fist
1650670019.676943,fist
1650670019.789269,fist
1650670019.910191,fist
1650670020.0101912,fist
1650670020.1734478,fist
1650670020.298736,fist
1650670020.4222689,fist
1650670020.532525,fist
1650670020.649024,fist
1650670020.7724411,fist
1650670020.872559,fist
1650670020.9842901,fist
1650670021.100727,fist
1650670021.2007282,fist
1650670021.3255901,fist
1650670021.425591,fist
1650670021.525994,fist
1650670021.625995,fist
1650670021.733372,fist
1650670021.8333728,fist
1650670021.965312,fist
1650670022.100276,fist
1650670022.200277,fist
1650670022.302221,fist
1650670022.4134982,fist
1650670022.536303,fist
1650670022.666689,fist
1650670022.774285,fist
1650670022.8742862,fist
1650670022.980577,four
1650670023.0805771,undetermined
1650670023.180608,undetermined
1650670023.284432,undetermined
1650670023.405268,undetermined
1650670023.5119412,undetermined
1650670023.624942,undetermined
1650670023.7312589,undetermined
1650670023.837174,undetermined
1650670023.953567,undetermined
1650670024.08705,undetermined
1650670024.1992571,undetermined
1650670024.305415,fight_on
1650670024.405416,fight_on
1650670024.5178869,fight_on
1650670024.6307058,fight_on
1650670024.7540019,fight_on
1650670024.854002,fight_on
1650670024.980389,fight_on
1650670025.123918,fight_on
1650670025.2442,fight_on
1650670025.351116,fight_on
1650670025.469555,fight_on
1650670025.596738,fight_on
1650670025.723139,fight_on
1650670025.884634,fight_on
1650670026.017542,fight_on
1650670026.117543,fight_on
1650670026.228385,fight_on
1650670026.353457,fight_on
1650670026.4534578,fight_on
1650670026.572248,fight_on
1650670026.673568,fight_on
1650670026.773569,fight_on
1650670026.879922,fight_on
1650670027.0201259,fight_on
1650670027.174504,fight_on
1650670027.2885098,fight_on
1650670027.395963,fight_on
1650670027.4993558,fight_on
1650670027.599356,fight_on
1650670027.7118359,fight_on
1650670027.818707,fight_on
1650670027.942519,fight_on
1650670028.072099,fight_on
1650670028.202581,fight_on
1650670028.3433301,fight_on
1650670028.4773881,fight_on
1650670028.583951,undetermined
1650670028.8177211,undetermined
1650670028.946196,undetermined
1650670029.0551622,undetermined
1650670029.1925461,undetermined
1650670029.2988899,undetermined
1650670029.415713,undetermined
1650670029.515714,undetermined
1650670029.615714,undetermined
1650670029.7157152,undetermined
1650670029.815716,undetermined
1650670029.9157162,undetermined
1650670030.028739,undetermined
1650670030.178656,four
1650670030.312063,two
1650670030.456,two
1650670030.566375,two
1650670030.678619,two
1650670030.7996428,two
1650670030.901557,two
1650670031.001558,two
1650670031.101559,two
1650670031.201559,two
1650670031.333781,two
1650670031.433782,two
1650670031.538639,two
1650670031.657699,two
1650670031.7619572,two
1650670031.8765051,two
1650670031.986819,two
1650670032.1314409,two
1650670032.360905,two
1650670032.478134,two
1650670032.5864372,two
1650670032.686812,two
1650670032.786813,two
1650670032.8868139,two
1650670032.986814,two
1650670033.087181,two
1650670033.187875,two
1650670033.318749,two
1650670033.434145,two
1650670033.5427752,two
1650670033.6499898,two
1650670033.749996,two
1650670033.865514,two
1650670033.988205,two
1650670034.097197,undetermined
1650670034.204443,undetermined
1650670034.311816,undetermined
1650670034.411817,undetermined
1650670034.5257301,undetermined
1650670034.625731,undetermined
1650670034.743733,undetermined
1650670034.849448,undetermined
1650670034.949449,undetermined
1650670035.061627,undetermined
1650670035.167362,undetermined
1650670035.3091462,undetermined
1650670035.422894,fight_on
1650670035.531739,fight_on
1650670035.6483898,fight_on
1650670035.759182,fight_on
1650670035.8591821,fight_on
1650670035.970932,fight_on
1650670036.070933,fight_on
1650670036.172813,fight_on
1650670036.276638,fight_on
1650670036.381264,fight_on
1650670036.491221,fight_on
1650670036.602124,fight_on
1650670036.702124,fight_on
1650670036.8080451,fight_on
1650670036.908046,fight_on
1650670037.049328,fight_on
1650670037.1706612,fight_on
1650670037.2797408,fight_on
1650670037.402905,fight_on
1650670037.503711,fight_on
1650670037.605237,fight_on
1650670037.705238,fight_on
1650670037.837507,fight_on
1650670037.9894872,fight_on
1650670038.106434,undetermined
1650670038.234266,undetermined
1650670038.352609,undetermined
1650670038.454577,undetermined
1650670038.5545778,undetermined
1650670038.654578,undetermined
1650670038.7545788,undetermined
1650670038.854579,undetermined
1650670038.95458,undetermined
1650670039.054581,undetermined
1650670039.1644769,undetermined
1650670039.287002,undetermined
1650670039.3870022,undetermined
1650670039.49061,two
1650670039.619555,two
1650670039.7201972,two
1650670039.8201978,two
1650670039.940377,two
1650670040.0403771,two
1650670040.140378,two
1650670040.2403781,two
1650670040.35234,two
1650670040.456662,two
1650670040.562141,two
1650670040.662142,two
1650670040.776551,two
1650670040.8950331,two
1650670041.182202,two
1650670041.310616,two
1650670041.4106162,two
1650670041.521971,two
1650670041.62498,two
1650670041.724981,two
1650670041.824982,two
1650670041.925014,two
1650670042.0712588,two
1650670042.210161,two
1650670042.310595,two
1650670042.419751,two
1650670042.519752,two
1650670042.622057,two
1650670042.722058,two
1650670042.822059,two
1650670042.922059,two
1650670043.0416179,two
1650670043.141618,two
1650670043.271706,two
1650670043.373615,two
1650670043.4736152,two
1650670043.573618,two
1650670043.680751,two
1650670043.809912,two
1650670043.909912,undetermined
1650670044.043088,undetermined
1650670044.1494982,undetermined
1650670044.269536,undetermined
1650670044.453517,undetermined
1650670044.5884311,undetermined
1650670044.688786,undetermined
1650670044.8333418,undetermined
1650670044.952381,undetermined
1650670045.079575,undetermined
1650670045.186313,undetermined
1650670045.291125,undetermined
1650670045.398431,undetermined
1650670045.525028,four
1650670045.625726,fist
1650670045.7275572,fist
1650670045.862158,fist
1650670045.9670599,fist
1650670046.074425,fist
1650670046.1881,fist
1650670046.3028,fist
1650670046.409405,fist
1650670046.5094059,fist
1650670046.62043,fist
1650670046.742155,fist
1650670046.842164,fist
1650670046.9521122,fist
1650670047.0790951,fist
1650670047.192348,fist
1650670047.3011,fist
1650670047.401101,fist
1650670047.501102,fist
1650670047.601102,fist
1650670047.748236,fist
1650670047.879725,fist
1650670047.997626,fist
1650670048.0976262,fist
1650670048.197786,fist
1650670048.308776,fist
1650670048.419112,fist
1650670048.5196748,fist
1650670048.619675,fist
1650670048.719676,fist
1650670048.8253582,fist
1650670048.949526,fist
1650670049.050024,fist
1650670049.155446,fist
1650670049.2554471,fist
1650670049.382538,fist
1650670049.4875221,fist
1650670049.615906,fist
1650670049.71594,fist
1650670049.825897,fist
1650670049.925898,fist
1650670050.0311072,fist
1650670050.142924,fist
1650670050.2429252,fist
1650670050.3548071,undetermined
1650670050.46942,undetermined
1650670050.56942,undetermined
1650670050.685502,undetermined
1650670050.792644,undetermined
1650670050.8926442,undetermined
1650670050.9971561,undetermined
1650670051.0982132,undetermined
1650670051.203487,undetermined
1650670051.324517,undetermined
1650670051.4245172,undetermined
1650670051.546813,four
1650670051.661262,fist
1650670051.76176,fist
1650670051.861761,fist
1650670051.982191,fist
1650670052.1074162,fist
1650670052.2075331,fist
1650670052.324029,fist
1650670052.458893,fist
1650670052.571376,fist
1650670052.67926,fist
1650670052.782537,fist
1650670052.8885472,fist
1650670052.988548,fist
1650670053.106712,fist
1650670053.228013,fist
1650670053.339499,fist
1650670053.4395,fist
1650670053.539501,fist
1650670053.639501,fist
1650670053.7395022,fist
1650670053.86014,fist
1650670053.9872708,fist
1650670054.0938299,fist
1650670054.207307,fist
1650670054.328251,fist
1650670054.433646,fist
1650670054.5537589,fist
1650670054.653759,fist
1650670054.75376,fist
1650670054.853761,fist
1650670054.972275,fist
1650670055.082048,fist
1650670055.186851,fist
1650670055.302387,fist
1650670055.427346,fist
1650670055.5273468,undetermined
1650670055.7383418,undetermined
1650670055.838342,undetermined
1650670055.960983,undetermined
1650670056.074815,undetermined
1650670056.174816,undetermined
1650670056.277534,undetermined
1650670056.379515,undetermined
1650670056.5046122,undetermined
1650670056.616509,two
1650670056.7371688,two
1650670056.837169,two
1650670056.93717,two
1650670057.038149,two
1650670057.1546319,two
1650670057.263057,two
1650670057.3630579,two
1650670057.463378,two
1650670057.563467,two
1650670057.675175,two
1650670057.782876,two
1650670057.9142232,two
1650670058.029002,two
1650670058.1293209,two
1650670058.236214,two
1650670058.352281,two
1650670058.465662,two
1650670058.597898,two
1650670058.704226,two
1650670058.810721,two
1650670058.913623,two
1650670059.015188,two
1650670059.124456,two
1650670059.2397819,two
1650670059.339791,two
1650670059.4397912,two
1650670059.5397918,two
1650670059.6397922,two
1650670059.7398038,two
1650670059.8401752,two
1650670059.9401758,two
1650670060.0532858,two
1650670060.178425,two
1650670060.3214011,two
1650670060.443651,two
1650670060.543651,two
1650670060.656412,two
1650670060.845859,two
1650670060.9602098,two
1650670061.064458,two
1650670061.186246,undetermined
1650670061.29245,undetermined
1650670061.399251,undetermined
1650670061.519679,undetermined
1650670061.61968,undetermined
1650670061.725018,undetermined
1650670061.8250182,undetermined
1650670061.936977,undetermined
1650670062.070312,undetermined
1650670062.175363,undetermined
1650670062.299114,undetermined
1650670062.40851,undetermined
1650670062.555443,undetermined
1650670062.7302258,fight_on
1650670062.838333,fight_on
1650670062.952055,fight_on
1650670063.056445,fight_on
1650670063.178873,fight_on
1650670063.2788732,fight_on
1650670063.394051,fight_on
1650670063.509123,fight_on
1650670063.628147,fight_on
1650670063.728147,fight_on
1650670063.830115,fight_on
1650670063.9301162,fight_on
1650670064.0408719,fight_on
1650670064.1908998,fight_on
1650670064.336789,fight_on
1650670064.452615,fight_on
1650670064.568822,fight_on
1650670064.679334,fight_on
1650670064.796709,fight_on
1650670064.915308,fight_on
1650670065.025503,fight_on
1650670065.130643,fight_on
1650670065.258224,fight_on
1650670065.37296,fight_on
1650670065.480361,fight_on
1650670065.580362,fight_on
1650670065.680363,fight_on
1650670065.7815292,fight_on
1650670065.912662,fight_on
1650670066.0126631,fight_on
1650670066.112664,fight_on
1650670066.215967,fight_on
1650670066.350219,fight_on
1650670066.4552782,fight_on
1650670066.570612,fight_on
1650670066.670659,fight_on
1650670066.7706602,fight_on
1650670066.880262,fight_on
1650670067.00948,fight_on
1650670067.1568499,fight_on
1650670067.26261,undetermined
1650670067.362663,undetermined
1650670067.4724889,undetermined
1650670067.675643,undetermined
1650670067.788778,undetermined
1650670067.899201,undetermined
1650670068.027099,undetermined
1650670068.1271,undetermined
1650670068.236468,undetermined
1650670068.337433,undetermined
1650670068.454156,undetermined
1650670068.554156,undetermined
1650670068.6541572,fist
1650670068.837388,fist
1650670068.937393,fist
1650670069.059075,fist
1650670069.198323,fist
1650670069.325974,fist
1650670069.4598882,fist
1650670069.583152,fist
1650670069.717717,fist
1650670069.829539,fist
1650670069.950727,fist
1650670070.078086,fist
1650670070.185909,fist
1650670070.290348,fist
1650670070.39858,fist
1650670070.502235,fist
1650670070.609998,fist
1650670070.71559,fist
1650670070.8214011,fist
1650670070.9214022,fist
1650670071.027725,fist
1650670071.1735969,fist
1650670071.283076,fist
1650670071.391299,fist
1650670071.506932,fist
1650670071.623986,fist
1650670071.738082,fist
1650670071.8564239,undetermined
1650670071.956424,undetermined
1650670072.093973,undetermined
1650670072.20838,undetermined
1650670072.329998,undetermined
1650670072.443724,undetermined
1650670072.5452569,undetermined
1650670072.64962,undetermined
1650670072.750197,undetermined
1650670072.871526,undetermined
1650670072.9715269,undetermined
1650670073.0963972,fight_on
1650670073.20866,fight_on
1650670073.363285,fight_on
1650670073.463286,fight_on
1650670073.578054,fight_on
1650670073.695526,fight_on
1650670073.797566,fight_on
1650670073.897567,fight_on
1650670073.997568,fight_on
1650670074.098531,fight_on
1650670074.246498,fight_on
1650670074.3606021,fight_on
1650670074.460603,fight_on
1650670074.5606039,fight_on
1650670074.670031,fight_on
1650670074.7873201,fight_on
1650670074.887321,fight_on
1650670074.9873211,fight_on
1650670075.087322,fight_on
1650670075.221035,fight_on
1650670075.3434691,fight_on
1650670075.449997,fight_on
1650670075.549997,fight_on
1650670075.6530728,fight_on
1650670075.768085,fight_on
1650670075.892264,fight_on
1650670075.997223,fight_on
1650670076.1139998,fight_on
1650670076.249872,fight_on
1650670076.377096,fight_on
1650670076.4890492,undetermined
1650670076.6011572,undetermined
1650670076.7115571,undetermined
1650670076.8360581,undetermined
1650670077.004322,undetermined
1650670077.115762,undetermined
1650670077.25413,undetermined
1650670077.354183,undetermined
1650670077.454417,undetermined
1650670077.5544178,undetermined
1650670077.655612,undetermined
1650670077.770648,undetermined
1650670077.89087,two
1650670077.990871,two
1650670078.09362,two
1650670078.2218869,two
1650670078.321908,two
1650670078.425684,two
1650670078.525685,two
1650670078.643648,two
1650670078.743648,two
1650670078.843649,two
1650670078.957286,two
1650670079.073102,two
1650670079.1966531,two
1650670079.334215,two
1650670079.46267,two
1650670079.582252,two
1650670079.6959229,two
1650670079.8028438,two
1650670079.916749,two
1650670080.0167491,two
1650670080.11675,two
1650670080.25161,two
1650670080.353778,two
1650670080.458443,two
1650670080.576131,two
1650670080.6957052,two
1650670080.809043,two
1650670080.936192,two
1650670081.047508,two
1650670081.157351,two
1650670081.2573519,two
1650670081.357352,two
1650670081.462753,two
1650670081.592004,undetermined
1650670081.6936781,undetermined
1650670081.793679,undetermined
1650670081.8936791,undetermined
1650670081.998602,undetermined
1650670082.1407459,undetermined
1650670082.24897,undetermined
1650670082.348971,undetermined
1650670082.448971,undetermined
1650670082.551081,undetermined
1650670082.651108,undetermined
1650670082.7541409,undetermined
1650670082.8934872,two
1650670083.034454,two
1650670083.1398,two
1650670083.2398012,two
1650670083.3470058,two
1650670083.4731789,two
1650670083.615194,two
1650670083.760569,two
1650670083.88137,two
1650670084.028766,two
1650670084.173206,two
1650670084.312906,two
1650670084.47117,two
1650670084.62259,two
1650670084.805343,two
1650670084.9229598,two
1650670085.0927281,two
1650670085.2313,two
1650670085.395348,two
1650670085.543118,two
1650670085.6602821,two
1650670085.825391,two
1650670085.966624,two
1650670086.321375,two
1650670086.433971,two
1650670086.556795,undetermined
1650670086.664598,undetermined
1650670086.7882009,undetermined
1650670086.9159958,undetermined
1650670087.101614,undetermined
1650670087.2481768,undetermined
1650670087.384605,undetermined
1650670087.627382,undetermined
1650670087.8229718,undetermined
1650670088.015907,fight_on
1650670088.156171,fight_on
1650670088.270848,fight_on
1650670088.412087,fight_on
1650670088.583315,fight_on
1650670088.711071,fight_on
1650670088.871582,fight_on
1650670089.010473,fight_on
1650670089.1570969,fight_on
1650670089.297455,fight_on
1650670089.45769,fight_on
1650670089.595743,fight_on
1650670089.7187562,fight_on
1650670089.8538492,fight_on
1650670089.97936,fight_on
1650670090.130862,fight_on
1650670090.26558,fight_on
1650670090.418661,fight_on
1650670090.559241,fight_on
1650670090.673457,fight_on
1650670090.824855,fight_on
1650670090.953537,fight_on
1650670091.087887,fight_on
1650670091.19038,fight_on
1650670091.3211951,fight_on
1650670091.479661,fight_on
1650670091.625346,fight_on
1650670091.745153,undetermined
1650670091.875982,undetermined
1650670091.99709,undetermined
1650670092.1504269,undetermined
1650670092.2974741,four
1650670092.435909,fist
1650670092.6636229,fist
1650670092.797268,fist
1650670092.914616,fist
1650670093.041093,fist
1650670093.1715882,fist
1650670093.292782,fist
1650670093.416223,fist
1650670093.5413508,fist
1650670093.679178,fist
1650670093.82599,fist
1650670093.977642,fist
1650670094.126534,fist
1650670094.2531042,fist
1650670094.3749728,fist
1650670094.495637,fist
1650670094.608125,fist
1650670094.743704,fist
1650670094.891978,undetermined
1650670095.0468779,undetermined
1650670095.146878,undetermined
1650670095.306499,undetermined
1650670095.4395058,undetermined
1650670095.6143098,undetermined
1650670095.734601,undetermined
1650670095.866555,undetermined
1650670096.011029,four
1650670096.162239,fist
1650670096.293917,fist
1650670096.411777,fist
1650670096.543272,fist
1650670096.705247,fist
1650670096.855266,fist
1650670096.987369,fist
1650670097.1408179,fist
1650670097.285407,fist
1650670097.3989701,fist
1650670097.5522351,fist
1650670097.677957,fist
1650670097.796118,fist
1650670097.915692,fist
1650670098.043807,fist
1650670098.190312,fist
1650670098.29544,fist
1650670098.409389,fist
1650670098.520597,fist
1650670098.6681259,fist
1650670098.807204,fist
1650670098.9222379,fist
1650670099.072011,fist
1650670099.272535,fist
1650670099.3867788,fist
1650670099.51632,fist
1650670099.661721,fist
1650670099.793375,fist
1650670099.9324732,fist
1650670100.045318,fist
1650670100.17326,fist
1650670100.3008058,fist
1650670100.4534872,fist
1650670100.574856,fist
1650670100.6970692,fist
1650670100.858111,undetermined
1650670100.977429,undetermined
1650670101.097835,undetermined
1650670101.220265,undetermined
1650670101.33863,undetermined
1650670101.641741,undetermined
1650670101.788485,undetermined
1650670101.938816,undetermined
1650670102.072181,two
1650670102.202048,two
1650670102.324672,two
1650670102.446377,two
1650670102.572073,two
1650670102.705277,two
1650670102.8255181,two
1650670102.964716,two
1650670103.078443,two
1650670103.2142432,two
1650670103.349897,two
1650670103.489562,two
1650670103.622081,two
1650670103.737002,two
1650670103.8829691,two
1650670104.0065641,two
1650670104.155481,two
1650670104.279951,two
1650670104.4146402,two
1650670104.5631812,undetermined
1650670104.697796,undetermined
1650670104.832225,undetermined
1650670104.975595,undetermined
1650670105.102182,undetermined
1650670105.2439628,undetermined
1650670105.3578959,undetermined
1650670105.487803,undetermined
1650670105.6272268,undetermined
1650670105.7452002,undetermined
1650670105.892971,undetermined
1650670106.0020869,undetermined
1650670106.15018,fight_on
1650670106.278408,fight_on
1650670106.414761,fight_on
1650670106.554265,fight_on
1650670106.662975,fight_on
1650670106.762976,fight_on
1650670106.888027,fight_on
1650670106.989897,fight_on
1650670107.162821,fight_on
1650670107.287897,fight_on
1650670107.4011059,fight_on
1650670107.5237088,fight_on
1650670107.623709,fight_on
1650670107.723865,fight_on
1650670107.837267,fight_on
1650670107.9885728,fight_on
1650670108.130002,fight_on
1650670108.257052,fight_on
1650670108.39264,fight_on
1650670108.5292149,fight_on
1650670108.649122,fight_on
1650670108.785187,fight_on
1650670109.037601,fight_on
1650670109.234153,fight_on
1650670109.356578,fight_on
1650670109.50053,fight_on
1650670109.7392828,fight_on
1650670109.853475,fight_on
1650670110.075107,fight_on
1650670110.242771,fight_on
1650670110.388242,fight_on
1650670110.568054,undetermined
1650670110.7077959,undetermined
1650670110.8413582,undetermined
1650670111.0189812,undetermined
1650670111.1601222,undetermined
1650670111.300195,undetermined
1650670111.4490728,undetermined
1650670111.576936,undetermined
1650670111.721236,undetermined
1650670111.8232708,undetermined
1650670111.973944,undetermined
1650670112.185649,fist
1650670112.326625,fist
1650670112.511487,fist
1650670112.647858,fist
1650670112.7761211,fist
1650670112.9429262,fist
1650670113.127737,fist
1650670113.300229,fist
1650670113.415885,fist
1650670113.547435,fist
1650670113.693033,fist
1650670113.8381,fist
1650670114.042306,fist
1650670114.205844,fist
1650670114.3500228,fist
1650670114.493577,fist
1650670114.646594,fist
1650670114.762211,fist
1650670114.917748,fist
1650670115.046514,fist
1650670115.1814048,fist
1650670115.3224058,fist
1650670115.462889,fist
1650670115.640427,fist
1650670115.76722,fist
1650670115.962847,fist
1650670116.0754821,fist
1650670116.219746,fist
1650670116.346401,fist
1650670116.477401,fist
1650670116.636968,fist
1650670116.777503,fist
1650670116.9383109,fist
1650670117.097762,undetermined
1650670117.239243,undetermined
1650670117.43957,undetermined
1650670117.580689,undetermined
1650670117.684866,undetermined
1650670117.847594,undetermined
1650670118.0264478,undetermined
1650670118.17238,undetermined
1650670118.307217,two
1650670118.48086,two
1650670118.629339,two
1650670118.773546,two
1650670118.9129732,two
1650670119.108386,two
1650670119.221635,two
1650670119.3859892,two
1650670119.6519449,two
1650670119.800801,two
1650670119.9211168,two
1650670120.021117,two
1650670120.142972,two
1650670120.275412,two
1650670120.404866,two
1650670120.5048661,two
1650670120.6248372,two
1650670120.726688,two
1650670120.8321412,two
1650670120.9536252,two
1650670121.0561311,two
1650670121.1583538,two
1650670121.2615318,two
1650670121.361695,two
1650670121.4693062,two
1650670121.576405,two
1650670121.676558,two
1650670121.7765582,two
1650670121.876559,two
1650670121.98411,two
1650670122.131616,two
1650670122.231631,two
1650670122.3322449,two
1650670122.458457,two
1650670122.562281,two
1650670122.68432,two
1650670122.7950678,two
1650670122.902143,two
1650670123.053416,undetermined
1650670123.158659,undetermined
1650670123.2586591,undetermined
1650670123.35866,undetermined
1650670123.464822,undetermined
1650670123.585365,undetermined
1650670123.691062,undetermined
1650670123.803509,undetermined
1650670123.915981,undetermined
1650670124.018154,undetermined
1650670124.1426718,undetermined
1650670124.2716439,undetermined
1650670124.379236,fight_on
1650670124.5009768,fight_on
1650670124.608077,fight_on
1650670124.714157,fight_on
1650670124.814158,fight_on
1650670124.914158,fight_on
1650670125.018347,fight_on
1650670125.128153,fight_on
1650670125.2538629,fight_on
1650670125.353863,fight_on
1650670125.455345,fight_on
1650670125.5848541,fight_on
1650670125.703986,fight_on
1650670125.824703,fight_on
1650670125.953179,fight_on
1650670126.080086,fight_on
1650670126.3711302,fight_on
1650670126.544547,fight_on
1650670126.676022,fight_on
1650670126.79935,fight_on
1650670126.947018,fight_on
1650670127.178585,fight_on
1650670127.318063,fight_on
1650670127.447314,fight_on
1650670127.555619,fight_on
1650670127.6730042,fight_on
1650670127.786987,fight_on
1650670127.8893492,fight_on
1650670127.999497,fight_on
1650670128.119222,fight_on
1650670128.220736,fight_on
1650670128.327478,fight_on
1650670128.4553778,fight_on
1650670128.572952,fight_on
1650670128.70331,fight_on
1650670128.818511,undetermined
1650670128.938792,undetermined
1650670129.041217,undetermined
1650670129.1711628,undetermined
1650670129.285009,undetermined
1650670129.393319,undetermined
1650670129.497057,undetermined
1650670129.606289,undetermined
1650670129.727555,undetermined
1650670129.841326,undetermined
1650670129.972054,undetermined
1650670130.083192,undetermined
1650670130.192665,undetermined
1650670130.292887,two
1650670130.393294,two
1650670130.4932952,two
1650670130.6145,two
1650670130.720026,two
1650670130.8379881,two
1650670130.949206,two
1650670131.049207,two
1650670131.15101,two
1650670131.2599611,two
1650670131.392907,two
1650670131.586038,two
1650670131.698578,two
1650670131.834235,two
1650670131.946568,two
1650670132.058839,two
1650670132.189609,two
1650670132.304339,two
1650670132.40434,two
1650670132.511853,two
1650670132.615247,two
1650670132.7325618,two
1650670132.845264,two
1650670132.956105,two
1650670133.237505,undetermined
1650670133.337505,undetermined
1650670133.447196,undetermined
1650670133.548257,undetermined
1650670133.657326,undetermined
1650670133.7574668,undetermined
1650670133.86772,undetermined
1650670133.990033,undetermined
1650670134.149493,undetermined
1650670134.268169,fist
1650670134.408323,fist
1650670134.5261078,fist
1650670134.640398,undetermined
1650670134.762049,fight_on
1650670134.896841,fight_on
1650670135.015146,fight_on
1650670135.129756,fight_on
1650670135.2627058,fight_on
1650670135.425216,fight_on
1650670135.529043,fight_on
1650670135.6401548,fight_on
1650670135.7707489,fight_on
1650670135.884406,fight_on
1650670136.0151622,fight_on
1650670136.1383061,fight_on
1650670136.273696,fight_on
1650670136.3932102,fight_on
1650670136.4935281,fight_on
1650670136.614591,fight_on
1650670136.733641,fight_on
1650670136.842011,fight_on
1650670136.942337,fight_on
1650670137.0589771,fight_on
1650670137.166555,fight_on
1650670137.340826,four
1650670137.458283,undetermined
1650670137.613994,undetermined
1650670137.714035,undetermined
1650670137.8143291,undetermined
1650670137.926372,undetermined
1650670138.0625799,undetermined
1650670138.1706922,undetermined
1650670138.282689,four
1650670138.4020748,fist
1650670138.530108,fist
1650670138.658591,fist
1650670138.760381,fist
1650670138.860388,fist
1650670138.9782841,fist
1650670139.078285,fist
1650670139.1782851,fist
1650670139.291914,fist
1650670139.41053,fist
1650670139.528477,fist
1650670139.642228,fist
1650670139.757102,fist
1650670139.8571022,fist
1650670139.963226,fist
1650670140.080321,fist
1650670140.195271,fist
1650670140.3441558,fist
1650670140.448709,fist
1650670140.552147,fist
1650670140.652147,fist
1650670140.752148,fist
1650670140.863544,fist
1650670140.981698,fist
1650670141.1115599,fist
1650670141.2222688,fist
1650670141.347313,fist
1650670141.447314,fist
1650670141.547315,fist
1650670141.658347,fist
1650670141.780256,undetermined
1650670142.078644,undetermined
1650670142.2106812,undetermined
1650670142.371804,undetermined
1650670142.51008,undetermined
1650670142.6978078,two
1650670142.928195,two
1650670143.0281951,two
1650670143.273897,two
1650670143.4043531,two
1650670143.63589,two
1650670143.874516,two
1650670143.9990668,two
1650670144.1159208,two
1650670144.215921,two
1650670144.329126,two
1650670144.457514,two
1650670144.5655239,two
1650670144.673756,two
1650670144.773757,two
1650670144.902248,two
1650670145.1658812,two
1650670145.278789,two
1650670145.379513,two
1650670145.50497,two
1650670145.6296818,two
1650670145.738299,two
1650670145.859549,two
1650670145.96477,two
1650670146.065975,two
1650670146.178713,undetermined
1650670146.313504,undetermined
1650670146.432624,undetermined
1650670146.5612411,undetermined
1650670146.665838,undetermined
1650670146.7658381,undetermined
1650670146.865847,undetermined
1650670146.965848,undetermined
1650670147.1302059,undetermined
1650670147.233065,undetermined
1650670147.356626,four
1650670147.473412,fist
1650670147.5734122,fist
1650670147.673413,fist
1650670147.773443,fist
1650670147.878526,fist
1650670147.978543,fist
1650670148.079274,fist
1650670148.179274,fist
1650670148.279275,fist
1650670148.384771,fist
1650670148.497927,fist
1650670148.603647,fist
1650670148.7390459,fist
1650670148.860673,fist
1650670148.97475,fist
1650670149.087233,fist
1650670149.191581,fist
1650670149.297647,fist
1650670149.405605,fist
1650670149.5239959,fist
1650670149.6365151,fist
1650670149.7682571,fist
1650670149.8913121,fist
1650670150.039339,fist
1650670150.145525,fist
1650670150.258146,fist
1650670150.3725371,fist
1650670150.484938,fist
1650670150.591558,fist
1650670150.701897,fist
1650670150.8174589,fist
1650670150.945612,fist
1650670151.059298,fist
1650670151.180814,fist
1650670151.284446,undetermined
1650670151.39044,undetermined
1650670151.512821,undetermined
1650670151.653552,undetermined
1650670151.781897,undetermined
1650670151.8946922,undetermined
1650670152.032288,undetermined
1650670152.145368,undetermined
1650670152.26753,undetermined
1650670152.3780322,undetermined
1650670152.497683,undetermined
1650670152.597684,undetermined
1650670152.7082849,undetermined
1650670152.827753,fight_on
1650670152.927754,fight_on
1650670153.055192,fight_on
1650670153.171836,fight_on
1650670153.305792,fight_on
1650670153.415081,fight_on
1650670153.516156,fight_on
1650670153.634602,fight_on
1650670153.770045,fight_on
1650670153.881116,fight_on
1650670153.981117,fight_on
1650670154.0886312,fight_on
1650670154.1977448,fight_on
1650670154.304306,fight_on
1650670154.409206,fight_on
1650670154.543394,fight_on
1650670154.6433952,fight_on
1650670154.7434728,fight_on
1650670154.843473,fight_on
1650670154.948606,fight_on
1650670155.0567691,fight_on
1650670155.161837,fight_on
1650670155.2697759,fight_on
1650670155.3716512,fight_on
1650670155.4854789,fight_on
1650670155.624594,undetermined
1650670155.741806,undetermined
1650670155.844876,undetermined
1650670155.9570749,undetermined
1650670156.06384,undetermined
1650670156.1720629,undetermined
1650670156.274209,undetermined
1650670156.394163,undetermined
1650670156.494163,undetermined
1650670156.595872,undetermined
1650670156.695872,four
1650670156.8100119,fist
1650670156.947668,fist
1650670157.068955,fist
1650670157.204651,fist
1650670157.312449,fist
1650670157.54362,fist
1650670157.714538,fist
1650670157.814539,fist
1650670157.914593,fist
1650670158.0253491,fist
1650670158.136022,fist
1650670158.236023,fist
1650670158.3597639,fist
1650670158.472522,fist
1650670158.572523,fist
1650670158.672524,fist
1650670158.7725482,fist
1650670158.873364,fist
1650670159.019448,fist
1650670159.138807,fist
1650670159.2602072,fist
1650670159.371228,fist
1650670159.516329,fist
1650670159.6287308,fist
1650670159.805831,undetermined
1650670159.926713,undetermined
1650670160.0400052,undetermined
1650670160.156304,undetermined
1650670160.262072,undetermined
1650670160.383816,undetermined
1650670160.5186508,undetermined
1650670160.618651,undetermined
1650670160.7484958,undetermined
1650670160.8485062,two
1650670160.949754,two
1650670161.061506,two
1650670161.174253,two
1650670161.276693,two
1650670161.376694,two
1650670161.4887948,two
1650670161.5992541,two
1650670161.717319,two
1650670161.8274539,two
1650670161.931215,two
1650670162.041033,two
1650670162.2016141,two
1650670162.322575,two
1650670162.4283352,two
1650670162.5644522,two
1650670162.674786,two
1650670162.798822,two
1650670162.948818,two
1650670163.0783749,two
1650670163.19474,two
1650670163.2992299,two
1650670163.425534,undetermined
1650670163.5256908,undetermined
1650670163.638329,undetermined
1650670163.765221,undetermined
1650670163.902557,undetermined
1650670164.1345222,undetermined
1650670164.309345,undetermined
1650670164.4389892,undetermined
1650670164.55989,undetermined
1650670164.672777,fight_on
1650670164.780152,fight_on
1650670164.896668,fight_on
1650670165.0166578,fight_on
1650670165.116658,fight_on
1650670165.238852,fight_on
1650670165.34554,fight_on
1650670165.459609,fight_on
1650670165.5596092,fight_on
1650670165.667336,fight_on
1650670165.7742999,fight_on
1650670165.883061,fight_on
1650670166.05727,fight_on
1650670166.1572711,fight_on
1650670166.257272,fight_on
1650670166.363012,fight_on
1650670166.492928,fight_on
1650670166.6096902,fight_on
1650670166.732029,fight_on
1650670166.8630788,fight_on
1650670167.190201,fight_on
1650670167.344556,fight_on
1650670167.463122,fight_on
1650670167.688187,fight_on
1650670167.800076,fight_on
1650670167.9129338,fight_on
1650670168.027203,fight_on
1650670168.130433,fight_on
1650670168.230853,fight_on
1650670168.339494,fight_on
1650670168.4614668,fight_on
1650670168.568724,fight_on
1650670168.675442,fight_on
1650670168.7939389,fight_on
1650670168.894727,fight_on
1650670169.019823,fight_on
1650670169.152925,undetermined
1650670169.2553542,undetermined
1650670169.371745,undetermined
1650670169.47906,undetermined
1650670169.589382,undetermined
1650670169.705952,undetermined
1650670169.839083,undetermined
1650670169.9567769,undetermined
1650670170.0722811,undetermined
1650670170.1966982,undetermined
1650670170.326425,undetermined
1650670170.440774,undetermined
1650670170.5408971,undetermined
1650670170.664106,undetermined
1650670170.799455,undetermined
1650670170.906241,fist
1650670171.0078049,fist
1650670171.109015,fist
1650670171.2246962,fist
1650670171.366804,fist
1650670171.4783108,fist
1650670171.6014888,fist
1650670171.831106,fist
1650670171.937161,fist
1650670172.037513,fist
1650670172.1556969,fist
1650670172.323044,fist
1650670172.4230442,fist
1650670172.523076,fist
1650670172.656159,fist
1650670172.7561731,fist
1650670172.856174,fist
1650670172.968257,fist
1650670173.068257,fist
1650670173.218648,fist
1650670173.339112,fist
1650670173.4620779,fist
1650670173.626807,fist
1650670173.76326,fist
1650670173.874985,fist
1650670173.98856,undetermined
1650670174.08856,undetermined
1650670174.188561,undetermined
1650670174.29229,undetermined
1650670174.407145,undetermined
1650670174.526918,undetermined
1650670174.6492429,undetermined
1650670174.7789812,undetermined
1650670174.893166,undetermined
1650670175.0092359,fight_on
1650670175.116208,fight_on
1650670175.2390451,fight_on
1650670175.343102,fight_on
1650670175.455101,fight_on
1650670175.559514,fight_on
1650670175.673494,fight_on
1650670175.788243,fight_on
1650670175.987742,fight_on
1650670176.133583,fight_on
1650670176.258379,fight_on
1650670176.422025,fight_on
1650670176.555111,fight_on
1650670176.695074,fight_on
1650670176.837599,fight_on
1650670176.991544,fight_on
1650670177.0915442,fight_on
1650670177.22118,fight_on
1650670177.321285,fight_on
1650670177.545304,fight_on
1650670177.6898031,fight_on
1650670177.789804,undetermined
1650670177.9115038,undetermined
1650670178.062059,undetermined
1650670178.1918058,undetermined
1650670178.313395,undetermined
1650670178.413396,undetermined
1650670178.5242722,undetermined
1650670178.644182,undetermined
1650670178.7515159,undetermined
1650670178.8691342,two
1650670178.969135,two
1650670179.069742,two
1650670179.190526,two
1650670179.310476,two
1650670179.4236858,two
1650670179.52385,two
1650670179.623851,two
1650670179.735905,two
1650670179.858811,two
1650670179.958812,two
1650670180.0624151,two
1650670180.1852171,two
1650670180.290398,two
1650670180.417648,two
1650670180.5497222,two
1650670180.650205,two
1650670180.755386,two
1650670180.8792489,two
1650670180.993475,two
1650670181.107158,two
1650670181.2097018,two
1650670181.337749,two
1650670181.454537,two
1650670181.576854,two
1650670181.693227,two
1650670181.802055,two
1650670181.90667,two
1650670182.0066712,two
1650670182.15696,two
1650670182.290572,undetermined
1650670182.4019809,undetermined
1650670182.501981,undetermined
1650670182.6019819,undetermined
1650670182.721214,undetermined
1650670182.8273332,undetermined
1650670182.9273338,undetermined
1650670183.03843,undetermined
1650670183.1390731,undetermined
1650670183.257845,undetermined
1650670183.392681,undetermined
1650670183.524684,undetermined
1650670183.64993,undetermined
1650670183.749931,undetermined
1650670183.85041,undetermined
1650670183.9585788,undetermined
1650670184.093268,fight_on
1650670184.216786,fight_on
1650670184.329987,fight_on
1650670184.456234,fight_on
1650670184.576001,fight_on
1650670184.690041,fight_on
1650670184.820512,fight_on
1650670184.957484,fight_on
1650670185.075965,fight_on
1650670185.326316,fight_on
1650670185.435213,fight_on
1650670185.588638,fight_on
1650670185.688639,fight_on
1650670185.788639,fight_on
1650670185.889008,fight_on
1650670186.008506,fight_on
1650670186.125522,fight_on
1650670186.225523,fight_on
1650670186.3255239,fight_on
1650670186.434857,fight_on
1650670186.551574,fight_on
1650670186.678699,fight_on
1650670186.7806861,fight_on
1650670186.889167,undetermined
1650670186.9891672,undetermined
1650670187.11941,undetermined
1650670187.312258,undetermined
1650670187.439619,undetermined
1650670187.5581582,undetermined
1650670187.6792672,undetermined
1650670187.7805812,four
1650670187.881273,fist
1650670188.008723,fist
1650670188.1207612,fist
1650670188.2533529,fist
1650670188.3876128,fist
1650670188.494772,fist
1650670188.608056,fist
1650670188.7630029,fist
1650670188.8653572,fist
1650670188.9824152,fist
1650670189.096705,fist
1650670189.196705,fist
1650670189.296706,fist
1650670189.397868,fist
1650670189.499875,fist
1650670189.624866,fist
1650670189.737613,fist
1650670189.869175,fist
1650670189.996793,fist
1650670190.107509,fist
1650670190.2111979,fist
1650670190.3368099,fist
1650670190.4419851,fist
1650670190.556372,fist
1650670190.656372,fist
1650670190.756373,fist
1650670190.869256,fist
1650670190.9785862,fist
1650670191.086216,undetermined
1650670191.186649,undetermined
1650670191.30789,undetermined
1650670191.407891,undetermined
1650670191.5129862,undetermined
1650670191.6218188,undetermined
1650670191.7366168,undetermined
1650670191.838774,undetermined
1650670191.952065,undetermined
1650670192.0837052,undetermined
1650670192.205558,two
1650670192.3423822,two
1650670192.480662,two
1650670192.6108081,two
1650670192.725952,two
1650670192.831296,two
1650670192.949451,two
1650670193.053615,two
1650670193.153616,two
1650670193.254069,two
1650670193.359875,two
1650670193.466657,two
1650670193.577847,two
1650670193.711224,two
1650670193.818773,two
1650670193.9560802,two
1650670194.06603,two
1650670194.269001,two
1650670194.3690019,two
1650670194.486037,two
1650670194.603703,two
1650670194.71055,two
1650670194.810551,two
1650670194.911242,two
1650670195.03091,two
1650670195.141459,two
1650670195.262538,two
1650670195.379838,two
1650670195.501044,two
1650670195.601045,two
1650670195.706101,two
1650670195.829518,two
1650670195.987541,undetermined
1650670196.1262898,undetermined
1650670196.254616,undetermined
1650670196.3697228,undetermined
1650670196.4918048,undetermined
1650670196.602526,undetermined
1650670196.711842,undetermined
1650670196.8257742,undetermined
1650670196.963646,undetermined
1650670197.086478,undetermined
1650670197.219685,undetermined
1650670197.3306088,undetermined
1650670197.4487748,undetermined
1650670197.577425,undetermined
1650670197.6774259,undetermined
1650670197.777426,undetermined
1650670197.8834739,undetermined
1650670198.003736,undetermined
1650670198.1037812,undetermined
1650670198.216637,undetermined
1650670198.3293812,undetermined
1650670198.472776,undetermined
1650670198.742434,undetermined
1650670198.846826,undetermined
1650670198.991007,undetermined
1650670199.123012,undetermined
1650670199.2230122,undetermined
1650670199.351383,undetermined
1650670199.496557,undetermined
1650670199.647744,undetermined
1650670199.750632,undetermined
1650670199.850633,undetermined
1650670199.981745,undetermined
1650670200.0817459,undetermined
1650670200.181746,undetermined
1650670200.290868,undetermined
1650670200.390869,undetermined
1650670200.4944,undetermined
1650670200.5944011,undetermined
1650670200.694402,undetermined
1650670200.7944021,undetermined
1650670200.894403,undetermined
1650670200.9944031,undetermined
1650670201.094404,undetermined
1650670201.194547,undetermined
1650670201.2955542,undetermined
1650670201.395566,undetermined
1650670201.4955661,undetermined
1650670201.595567,undetermined
1650670201.6955671,undetermined
1650670201.7955682,undetermined
1650670201.8955688,undetermined
1650670201.995569,undetermined
1650670202.0955698,undetermined
1650670202.195607,undetermined
1650670202.295607,undetermined
1650670202.395608,undetermined
1650670202.495608,undetermined
1650670202.5956092,undetermined
1650670202.696828,undetermined
1650670202.796845,undetermined
1650670202.896845,undetermined
1650670203.0052211,undetermined
1650670203.119364,undetermined
1650670203.219916,undetermined
1650670203.324167,undetermined
1650670203.532397,undetermined
1650670203.6323972,undetermined
1650670203.732398,undetermined
1650670203.8323982,undetermined
1650670203.932399,undetermined
1650670204.0323992,undetermined
1650670204.1324,undetermined
1650670204.2324429,undetermined
1650670204.332443,undetermined
1650670204.4324439,undetermined
1650670204.615684,undetermined
1650670204.71579,undetermined
1650670204.8157902,undetermined
1650670204.915791,undetermined
1650670205.0157912,undetermined
1650670205.1157918,undetermined
1650670205.2157922,undetermined
1650670205.3157928,undetermined
1650670205.415793,undetermined
1650670205.515794,undetermined
1650670205.615795,undetermined
1650670205.762784,undetermined
1650670205.862785,undetermined
1650670205.962786,undetermined
1650670206.062786,undetermined
1650670206.16472,undetermined
1650670206.264721,undetermined
1650670206.365002,undetermined
1650670206.4685388,undetermined
1650670206.5769758,undetermined
1650670206.6990001,undetermined
1650670206.799028,undetermined
1650670206.899028,undetermined
1650670206.999029,undetermined
1650670207.099029,undetermined
1650670207.199052,undetermined
1650670207.299053,undetermined
1650670207.399053,undetermined
1650670207.4990542,undetermined
1650670207.599055,undetermined
1650670207.70181,undetermined
1650670207.8163269,undetermined
1650670207.930151,undetermined
1650670208.0428421,undetermined
1650670208.1440158,undetermined
1650670208.2451541,undetermined
1650670208.3476129,undetermined
1650670208.447613,undetermined
1650670208.5476139,undetermined
1650670208.647614,undetermined
1650670208.7476149,undetermined
1650670208.847615,undetermined
1650670208.947616,undetermined
1650670209.047617,undetermined
1650670209.147617,undetermined
1650670209.247993,undetermined
1650670209.3479931,undetermined
1650670209.447994,undetermined
1650670209.5479941,undetermined
1650670209.647995,undetermined
1650670209.7479959,undetermined
1650670209.847996,undetermined
1650670209.9479969,undetermined
1650670210.047997,undetermined
1650670210.1479979,undetermined
1650670210.247998,undetermined
1650670210.3482869,undetermined
1650670210.449086,undetermined
1650670210.549322,undetermined
1650670210.649322,undetermined
1650670210.749323,undetermined
1650670210.849323,undetermined
1650670210.9498482,undetermined
1650670211.049849,undetermined
1650670211.1498492,undetermined
1650670211.24985,undetermined
1650670211.350024,undetermined
1650670211.4500248,undetermined
1650670211.550025,undetermined
1650670211.650026,undetermined
1650670211.750027,undetermined
1650670211.850027,undetermined
1650670211.950028,undetermined
1650670212.050839,undetermined
1650670212.150839,undetermined
1650670212.25084,undetermined
1650670212.3509362,undetermined
1650670212.450937,undetermined
1650670212.57656,undetermined
1650670212.6765609,undetermined
1650670212.776562,undetermined
1650670212.8765628,undetermined
1650670212.977636,undetermined
1650670213.0776372,undetermined
1650670213.1776378,undetermined
1650670213.277638,undetermined
1650670213.3776388,undetermined
1650670213.477639,undetermined
1650670213.5776398,undetermined
1650670213.67764,undetermined
1650670213.781033,undetermined
1650670213.881034,undetermined
1650670213.981034,undetermined
1650670214.081035,undetermined
1650670214.181035,undetermined
1650670214.2810361,undetermined
1650670214.381037,undetermined
1650670214.481644,undetermined
1650670214.582516,undetermined
1650670214.682517,undetermined
1650670214.782518,undetermined
1650670214.882518,undetermined
1650670214.9825191,undetermined
1650670215.08252,undetermined
1650670215.18255,undetermined
1650670215.28255,undetermined
1650670215.382551,undetermined
1650670215.482551,undetermined
1650670215.582552,undetermined
1650670215.682713,undetermined
1650670215.790294,undetermined
1650670215.918376,undetermined
1650670216.018377,undetermined
1650670216.118378,undetermined
1650670216.218378,undetermined
1650670216.318379,undetermined
1650670216.418379,undetermined
1650670216.584707,undetermined
1650670216.6863081,undetermined
1650670216.786309,undetermined
1650670216.88752,undetermined
1650670216.9912388,undetermined
1650670217.093034,undetermined
1650670217.304831,undetermined
1650670217.590198,undetermined
1650670217.6901991,undetermined
1650670217.9036531,undetermined
1650670218.0206661,undetermined
1650670218.151793,undetermined
1650670218.2611258,undetermined
1650670218.497432,undetermined
1650670218.643806,undetermined
1650670218.800571,undetermined
1650670219.014258,undetermined
1650670219.159785,undetermined
1650670219.273468,undetermined
1650670219.412759,undetermined
1650670219.5127602,undetermined
1650670219.633728,undetermined
1650670219.7407308,undetermined
1650670219.841165,undetermined
1650670219.941472,undetermined
1650670220.041583,undetermined
1650670220.142386,undetermined
1650670220.242387,undetermined
1650670220.360426,undetermined
1650670220.524961,undetermined
1650670220.6249611,undetermined
1650670220.843501,undetermined
1650670220.9458601,undetermined
1650670221.0606852,undetermined
1650670221.161519,undetermined
1650670221.380516,undetermined
1650670221.561365,undetermined
1650670221.666614,undetermined
1650670221.957495,undetermined
1650670222.199102,undetermined
1650670222.4320362,undetermined
1650670222.578181,undetermined
1650670222.6781812,undetermined
1650670222.780391,undetermined
1650670222.91902,undetermined
1650670223.0646012,undetermined
1650670223.227603,undetermined
1650670223.5679748,undetermined
1650670223.705278,undetermined
1650670223.805278,undetermined
1650670223.959999,undetermined
1650670224.067105,undetermined
1650670224.199028,undetermined
1650670224.299188,undetermined
1650670224.399188,undetermined
1650670224.499189,undetermined
1650670224.599189,undetermined
1650670224.69919,undetermined
1650670224.79919,undetermined
